-- phpMyAdmin SQL Dump
-- version 5.2.1
-- https://www.phpmyadmin.net/
--
-- Gép: 127.0.0.1
-- Létrehozás ideje: 2026. Feb 06. 14:34
-- Kiszolgáló verziója: 10.4.32-MariaDB
-- PHP verzió: 8.2.12

SET SQL_MODE = "NO_AUTO_VALUE_ON_ZERO";
START TRANSACTION;
SET time_zone = "+00:00";


/*!40101 SET @OLD_CHARACTER_SET_CLIENT=@@CHARACTER_SET_CLIENT */;
/*!40101 SET @OLD_CHARACTER_SET_RESULTS=@@CHARACTER_SET_RESULTS */;
/*!40101 SET @OLD_COLLATION_CONNECTION=@@COLLATION_CONNECTION */;
/*!40101 SET NAMES utf8mb4 */;

--
-- Adatbázis: `crudx`
--

-- --------------------------------------------------------

--
-- Tábla szerkezet ehhez a táblához `categories`
--

CREATE TABLE `categories` (
  `ID` int(11) NOT NULL,
  `category_name` varchar(255) NOT NULL
) ENGINE=InnoDB DEFAULT CHARSET=utf8mb4 COLLATE=utf8mb4_general_ci;

--
-- A tábla adatainak kiíratása `categories`
--

INSERT INTO `categories` (`ID`, `category_name`) VALUES
(1, 'Kábelek és csatlakozók'),
(2, 'Számítógép kiegészítők'),
(3, 'Mobil kiegészítők'),
(4, 'Gaming tartozékok'),
(5, 'Háztartási és lifestyle elektronika'),
(6, 'Adattárolók'),
(7, 'Hálózati eszközök'),
(8, 'Irodai kiegészítők'),
(9, 'Audio eszközök'),
(10, 'Video eszközök'),
(11, 'Okoseszközök kiegészítői'),
(12, 'Laptop kiegészítők'),
(13, 'Töltők és adapterek'),
(14, 'Monitor tartozékok'),
(15, 'Fotós kiegészítők'),
(16, 'Tablet kiegészítők'),
(17, 'Okosotthon eszközök'),
(18, 'Biztonságtechnika'),
(19, 'Ergonómiai kiegészítők'),
(20, 'Egyéb elektronikai termékek'),
(21, 'Laptop/PC'),
(22, 'Új Technológia'),
(23, 'Egyéb'),
(30, 'Egyéb elektronika'),
(31, 'Okosotthon'),
(32, 'Kiegészítők');

-- --------------------------------------------------------

--
-- Tábla szerkezet ehhez a táblához `inventory`
--

CREATE TABLE `inventory` (
  `ID` int(11) NOT NULL,
  `product_ID` int(11) NOT NULL,
  `warehouse_ID` int(11) NOT NULL,
  `quantity` int(11) NOT NULL,
  `min_quantity` int(11) DEFAULT NULL,
  `created_at` datetime NOT NULL DEFAULT current_timestamp(),
  `updated_at` datetime DEFAULT NULL
) ENGINE=InnoDB DEFAULT CHARSET=utf8mb4 COLLATE=utf8mb4_general_ci;

--
-- A tábla adatainak kiíratása `inventory`
--

INSERT INTO `inventory` (`ID`, `product_ID`, `warehouse_ID`, `quantity`, `min_quantity`, `created_at`, `updated_at`) VALUES
(2, 41, 22, 41, 3, '2026-01-21 10:56:53', '2026-02-03 21:01:14'),
(4, 41, 24, 7, 1, '2026-01-21 10:56:53', '2026-02-03 21:01:14'),
(5, 42, 21, 54, 4, '2026-01-21 10:56:53', '2026-02-03 21:01:14'),
(6, 42, 22, 31, 2, '2026-01-21 10:56:53', '2026-02-05 12:57:28'),
(7, 42, 23, 108, 6, '2026-01-21 10:56:53', '2026-02-05 13:19:59'),
(8, 42, 24, 66, 3, '2026-01-21 10:56:53', '2026-02-03 21:01:14'),
(9, 43, 21, 27, 2, '2026-01-21 10:56:53', '2026-02-03 21:01:14'),
(10, 43, 22, 51, 3, '2026-01-21 10:56:53', '2026-02-03 21:01:14'),
(11, 43, 23, 2, 1, '2026-01-21 10:56:53', '2026-02-04 12:20:13'),
(12, 43, 24, 34, 2, '2026-01-21 10:56:53', '2026-02-03 21:01:14'),
(13, 44, 21, 99, 4, '2026-01-21 10:56:53', '2026-02-03 21:01:14'),
(14, 44, 22, 48, 2, '2026-01-21 10:56:53', '2026-02-03 21:01:14'),
(15, 44, 23, 70, 5, '2026-01-21 10:56:53', '2026-02-03 21:01:14'),
(16, 44, 24, 5, 1, '2026-01-21 10:56:53', '2026-02-03 21:01:14'),
(21, 46, 21, 68, 3, '2026-01-21 10:56:53', '2026-02-03 21:01:14'),
(22, 46, 22, 132, 7, '2026-01-21 10:56:53', '2026-02-04 10:42:13'),
(23, 46, 23, 33, 2, '2026-01-21 10:56:53', '2026-02-03 21:01:14'),
(24, 46, 24, 15, 1, '2026-01-21 10:56:53', '2026-02-03 21:01:14'),
(25, 47, 21, 56, 4, '2026-01-21 10:56:53', '2026-02-03 21:01:14'),
(26, 47, 22, 0, 1, '2026-01-21 10:56:53', '2026-02-03 21:01:14'),
(27, 47, 23, 73, 4, '2026-01-21 10:56:53', '2026-02-03 21:01:14'),
(28, 47, 24, 128, 7, '2026-01-21 10:56:53', '2026-02-03 21:01:14'),
(29, 48, 21, 28, 3, '2026-01-21 10:56:53', '2026-02-03 21:01:14'),
(30, 48, 22, 96, 5, '2026-01-21 10:56:53', '2026-02-03 21:01:14'),
(31, 48, 23, 110, 6, '2026-01-21 10:56:53', '2026-02-04 14:16:14'),
(32, 48, 24, 34, 2, '2026-01-21 10:56:53', '2026-02-03 21:01:14'),
(33, 49, 21, 147, 8, '2026-01-21 10:56:53', '2026-02-03 21:01:14'),
(34, 49, 22, 62, 3, '2026-01-21 10:56:53', '2026-02-03 21:01:14'),
(35, 49, 23, 19, 1, '2026-01-21 10:56:53', '2026-02-03 21:01:14'),
(36, 49, 24, 87, 4, '2026-01-21 10:56:53', '2026-02-03 21:01:14'),
(37, 50, 21, 74, 4, '2026-01-21 10:56:53', '2026-02-03 21:01:14'),
(38, 50, 22, 121, 6, '2026-01-21 10:56:53', '2026-02-03 21:01:14'),
(39, 50, 23, 53, 3, '2026-01-21 10:56:53', '2026-02-03 21:01:14'),
(40, 50, 24, 12, 1, '2026-01-21 10:56:53', '2026-02-03 21:01:14'),
(41, 51, 21, 33, 2, '2026-01-21 10:56:53', '2026-02-03 21:01:14'),
(42, 51, 22, 84, 4, '2026-01-21 10:56:53', '2026-02-03 21:01:14'),
(43, 51, 23, 37, 8, '2026-01-21 10:56:53', '2026-02-04 12:29:46'),
(44, 51, 24, 45, 3, '2026-01-21 10:56:53', '2026-02-03 21:01:14'),
(45, 52, 21, 50, 3, '2026-01-21 10:56:53', '2026-02-03 21:01:14'),
(46, 52, 22, 122, 7, '2026-01-21 10:56:53', '2026-02-03 21:01:14'),
(47, 52, 23, 5, 1, '2026-01-21 10:56:53', '2026-02-04 12:03:53'),
(48, 52, 24, 73, 4, '2026-01-21 10:56:53', '2026-02-03 21:01:14'),
(49, 53, 21, 116, 6, '2026-01-21 10:56:53', '2026-02-03 21:01:14'),
(50, 53, 22, 0, 100, '2026-01-21 10:56:53', '2026-02-04 10:42:13'),
(51, 53, 23, 87, 5, '2026-01-21 10:56:53', '2026-02-03 21:01:14'),
(52, 53, 24, 129, 7, '2026-01-21 10:56:53', '2026-02-03 21:01:14'),
(53, 54, 21, 95, 5, '2026-01-21 10:56:53', '2026-02-03 21:01:14'),
(54, 54, 22, 58, 3, '2026-01-21 10:56:53', '2026-02-03 21:01:14'),
(55, 54, 23, 11, 1, '2026-01-21 10:56:53', '2026-02-04 12:20:13'),
(56, 54, 24, 101, 6, '2026-01-21 10:56:53', '2026-02-03 21:01:14'),
(57, 55, 21, 149, 9, '2026-01-21 10:56:53', '2026-02-03 21:01:14'),
(58, 55, 22, 77, 4, '2026-01-21 10:56:53', '2026-02-03 21:01:14'),
(59, 55, 23, 30, 2, '2026-01-21 10:56:53', '2026-02-03 21:01:14'),
(60, 55, 24, 18, 1, '2026-01-21 10:56:53', '2026-02-03 21:01:14'),
(61, 56, 21, 56, 3, '2026-01-21 10:56:53', '2026-02-06 13:34:30'),
(62, 56, 22, 108, 5, '2026-01-21 10:56:53', '2026-02-03 21:01:14'),
(63, 56, 23, 34, 7, '2026-01-21 10:56:53', '2026-02-06 13:32:33'),
(64, 56, 24, 49, 3, '2026-01-21 10:56:53', '2026-02-03 21:01:14'),
(65, 57, 21, 24, 2, '2026-01-21 10:56:53', '2026-02-03 21:01:14'),
(66, 57, 22, 93, 4, '2026-01-21 10:56:53', '2026-02-03 21:01:14'),
(67, 57, 23, 14, 1, '2026-01-21 10:56:53', '2026-02-03 21:01:14'),
(68, 57, 24, 135, 7, '2026-01-21 10:56:53', '2026-02-03 21:01:14'),
(69, 58, 21, 83, 4, '2026-01-21 10:56:53', '2026-02-03 21:01:14'),
(70, 58, 22, 58, 3, '2026-01-21 10:56:53', '2026-02-04 12:00:38'),
(71, 58, 23, 130, 6, '2026-01-21 10:56:53', '2026-02-03 21:01:14'),
(72, 58, 24, 10, 1, '2026-01-21 10:56:53', '2026-02-03 21:01:14'),
(73, 59, 21, 52, 3, '2026-01-21 10:56:53', '2026-02-03 21:01:14'),
(74, 59, 22, 145, 8, '2026-01-21 10:56:53', '2026-02-03 21:01:14'),
(75, 59, 23, 46, 2, '2026-01-21 10:56:53', '2026-02-03 21:01:14'),
(76, 59, 24, 10, 1, '2026-01-21 10:56:53', '2026-02-03 21:01:14'),
(77, 60, 21, 71, 5, '2026-01-21 10:56:53', '2026-02-03 21:01:14'),
(78, 60, 22, 38, 2, '2026-01-21 10:56:53', '2026-02-04 12:00:38'),
(79, 60, 23, 75, 4, '2026-01-21 10:56:53', '2026-02-03 21:01:14'),
(80, 60, 24, 138, 6, '2026-01-21 10:56:53', '2026-02-03 21:01:14'),
(81, 51, 23, 100, 40, '2026-01-21 10:56:53', '2026-02-04 12:01:41'),
(82, 41, 21, 120, 10, '2026-01-21 10:56:53', '2026-02-03 21:01:14'),
(83, 42, 21, 50, 5, '2026-01-21 10:56:53', '2026-02-03 21:01:14'),
(84, 42, 22, 41, 5, '2026-01-21 10:56:53', '2026-02-03 21:01:14'),
(86, 41, 21, 120, 10, '2026-01-21 10:57:06', '2026-02-03 21:01:14'),
(87, 42, 21, 50, 5, '2026-01-21 10:57:06', '2026-02-03 21:01:14'),
(88, 42, 22, 41, 5, '2026-01-21 10:57:06', '2026-02-03 21:01:14'),
(89, 43, 23, 0, 2, '2026-01-21 10:57:06', '2026-02-04 12:20:13'),
(90, 45, 23, 100, 10, '2026-01-21 11:04:38', '2026-02-03 21:01:14'),
(91, 64, 21, 120, NULL, '2026-01-21 11:58:12', '2026-02-03 21:01:14'),
(92, 65, 21, 50, NULL, '2026-01-21 11:58:12', '2026-02-03 21:01:14'),
(93, 65, 22, 30, NULL, '2026-01-21 11:58:12', '2026-02-03 21:01:14'),
(94, 66, 23, 0, 100, '2026-01-21 11:58:12', '2026-02-04 12:29:46'),
(95, 43, 25, 100, NULL, '2026-01-21 12:15:02', '2026-02-03 21:01:14'),
(96, 59, 26, 1, NULL, '2026-01-22 20:06:34', '2026-02-03 21:01:14'),
(97, 45, 26, 100, NULL, '2026-01-22 20:06:34', '2026-02-03 21:01:14'),
(98, 58, 27, 10, NULL, '2026-01-22 20:08:52', '2026-02-03 21:01:14'),
(99, 52, 31, 11, NULL, '2026-02-03 10:24:48', '2026-02-04 12:09:54'),
(100, 51, 31, 11, NULL, '2026-02-03 10:24:48', '2026-02-04 12:31:42'),
(101, 52, 28, 20, NULL, '2026-02-03 10:59:23', '2026-02-03 21:01:14'),
(102, 65, 28, 10, NULL, '2026-02-03 10:59:59', '2026-02-03 21:01:14'),
(103, 74, 31, 88, NULL, '2026-02-03 20:22:34', '2026-02-03 21:08:39'),
(104, 74, 27, 12, NULL, '2026-02-03 21:08:39', NULL),
(105, 46, 31, 10, NULL, '2026-02-04 10:42:13', NULL),
(106, 53, 31, 52, NULL, '2026-02-04 10:42:13', NULL),
(107, 52, 29, 1, NULL, '2026-02-04 12:01:52', NULL),
(108, 51, 29, 100, NULL, '2026-02-04 12:01:52', NULL),
(109, 58, 31, 10, NULL, '2026-02-04 12:09:56', NULL),
(110, 60, 31, 1, NULL, '2026-02-04 12:09:56', NULL),
(111, 43, 31, 10, NULL, '2026-02-04 12:23:35', NULL),
(112, 54, 31, 1, NULL, '2026-02-04 12:23:35', NULL),
(113, 66, 31, 10, NULL, '2026-02-04 12:31:42', NULL),
(114, 86, 21, 15, NULL, '2026-02-04 15:13:45', NULL),
(115, 87, 22, 42, NULL, '2026-02-04 15:13:45', NULL),
(116, 88, 23, 8, NULL, '2026-02-04 15:13:45', NULL),
(117, 89, 24, 25, NULL, '2026-02-04 15:13:45', NULL),
(118, 90, 25, 5, NULL, '2026-02-04 15:13:45', NULL),
(119, 91, 26, 12, NULL, '2026-02-04 15:13:45', NULL),
(120, 92, 27, 30, NULL, '2026-02-04 15:13:45', NULL),
(121, 93, 28, 18, NULL, '2026-02-04 15:13:45', NULL),
(122, 94, 29, 22, NULL, '2026-02-04 15:13:45', NULL),
(123, 95, 30, 7, NULL, '2026-02-04 15:13:45', NULL),
(124, 96, 31, 14, NULL, '2026-02-04 15:13:45', NULL),
(125, 97, 21, 4, NULL, '2026-02-04 15:13:45', NULL),
(126, 98, 22, 10, NULL, '2026-02-04 15:13:45', NULL),
(127, 99, 23, 8, NULL, '2026-02-04 15:13:45', '2026-02-05 13:19:59'),
(128, 100, 24, 16, NULL, '2026-02-04 15:13:45', NULL),
(129, 101, 25, 11, NULL, '2026-02-04 15:13:45', NULL),
(130, 102, 26, 13, NULL, '2026-02-04 15:13:45', NULL),
(131, 103, 27, 50, NULL, '2026-02-04 15:13:45', NULL),
(132, 104, 28, 20, NULL, '2026-02-04 15:13:45', NULL),
(133, 105, 29, 35, NULL, '2026-02-04 15:13:45', NULL),
(134, 106, 30, 6, NULL, '2026-02-04 15:13:45', NULL),
(135, 107, 31, 100, NULL, '2026-02-04 15:13:45', NULL),
(136, 108, 21, 28, NULL, '2026-02-04 15:13:45', NULL),
(137, 109, 22, 3, NULL, '2026-02-04 15:13:45', NULL),
(138, 110, 23, 12, NULL, '2026-02-04 15:13:45', NULL),
(139, 111, 24, 20, NULL, '2026-02-04 15:13:45', NULL),
(140, 112, 25, 15, NULL, '2026-02-04 15:13:45', NULL),
(141, 113, 26, 45, NULL, '2026-02-04 15:13:45', NULL),
(142, 114, 27, 4, NULL, '2026-02-04 15:13:45', NULL),
(143, 115, 28, 2, NULL, '2026-02-04 15:13:45', NULL),
(144, 116, 29, 18, NULL, '2026-02-04 15:13:45', NULL),
(145, 117, 30, 24, NULL, '2026-02-04 15:13:45', NULL),
(146, 118, 31, 30, NULL, '2026-02-04 15:13:45', NULL),
(147, 119, 21, 40, NULL, '2026-02-04 15:13:45', NULL),
(148, 120, 22, 38, NULL, '2026-02-04 15:13:45', NULL),
(149, 121, 23, 10, NULL, '2026-02-04 15:13:45', NULL),
(150, 122, 24, 80, NULL, '2026-02-04 15:13:45', NULL),
(151, 123, 25, 5, NULL, '2026-02-04 15:13:45', NULL),
(152, 124, 26, 7, NULL, '2026-02-04 15:13:45', NULL),
(153, 125, 27, 4, NULL, '2026-02-04 15:13:45', NULL),
(154, 126, 28, 12, NULL, '2026-02-04 15:13:45', NULL),
(155, 127, 29, 15, NULL, '2026-02-04 15:13:45', NULL),
(156, 128, 30, 8, NULL, '2026-02-04 15:13:45', NULL),
(157, 129, 31, 10, NULL, '2026-02-04 15:13:45', NULL),
(158, 130, 21, 60, NULL, '2026-02-04 15:13:45', NULL),
(159, 131, 22, 48, NULL, '2026-02-04 15:13:45', NULL),
(160, 132, 23, 25, NULL, '2026-02-04 15:13:45', NULL),
(161, 133, 24, 3, NULL, '2026-02-04 15:13:45', NULL),
(162, 134, 25, 6, NULL, '2026-02-04 15:13:45', NULL),
(163, 135, 26, 9, NULL, '2026-02-04 15:13:45', NULL),
(164, 136, 27, 5, NULL, '2026-02-04 15:13:45', NULL),
(165, 137, 28, 2, NULL, '2026-02-04 15:13:45', NULL),
(166, 138, 29, 14, NULL, '2026-02-04 15:13:45', NULL),
(167, 139, 30, 11, NULL, '2026-02-04 15:13:45', NULL),
(168, 140, 31, 9, NULL, '2026-02-04 15:13:45', NULL),
(169, 141, 21, 13, NULL, '2026-02-04 15:13:45', NULL),
(170, 142, 22, 8, NULL, '2026-02-04 15:13:45', NULL),
(171, 143, 23, 4, NULL, '2026-02-04 15:13:45', NULL),
(172, 144, 24, 6, NULL, '2026-02-04 15:13:45', NULL),
(173, 145, 25, 12, NULL, '2026-02-04 15:13:45', NULL),
(174, 146, 26, 15, NULL, '2026-02-04 15:13:45', NULL),
(175, 147, 27, 10, NULL, '2026-02-04 15:13:45', NULL),
(176, 148, 28, 14, NULL, '2026-02-04 15:13:45', NULL),
(177, 149, 29, 22, NULL, '2026-02-04 15:13:45', NULL),
(178, 150, 30, 19, NULL, '2026-02-04 15:13:45', NULL),
(179, 151, 31, 17, NULL, '2026-02-04 15:13:45', NULL),
(180, 152, 21, 13, NULL, '2026-02-04 15:13:45', NULL),
(181, 153, 22, 11, NULL, '2026-02-04 15:13:45', NULL),
(182, 154, 23, 5, NULL, '2026-02-04 15:13:45', NULL),
(183, 155, 24, 7, NULL, '2026-02-04 15:13:45', NULL),
(184, 156, 25, 3, NULL, '2026-02-04 15:13:45', NULL),
(185, 157, 26, 28, NULL, '2026-02-04 15:13:45', NULL),
(186, 158, 27, 55, NULL, '2026-02-04 15:13:45', NULL),
(187, 159, 28, 20, NULL, '2026-02-04 15:13:45', NULL),
(188, 160, 29, 15, NULL, '2026-02-04 15:13:45', NULL),
(189, 161, 30, 40, NULL, '2026-02-04 15:13:45', NULL),
(190, 162, 31, 120, NULL, '2026-02-04 15:13:45', NULL),
(191, 163, 21, 200, NULL, '2026-02-04 15:13:45', NULL),
(192, 164, 22, 180, NULL, '2026-02-04 15:13:45', NULL),
(193, 165, 23, 30, NULL, '2026-02-04 15:13:45', NULL),
(194, 166, 24, 25, NULL, '2026-02-04 15:13:45', NULL),
(195, 167, 25, 65, NULL, '2026-02-04 15:13:45', NULL),
(196, 168, 26, 40, NULL, '2026-02-04 15:13:45', NULL),
(197, 169, 27, 90, NULL, '2026-02-04 15:13:45', NULL),
(198, 170, 28, 35, NULL, '2026-02-04 15:13:45', NULL),
(199, 171, 29, 18, NULL, '2026-02-04 15:13:45', NULL),
(200, 172, 30, 12, NULL, '2026-02-04 15:13:45', NULL),
(201, 173, 31, 10, NULL, '2026-02-04 15:13:45', NULL),
(202, 174, 21, 50, NULL, '2026-02-04 15:13:45', NULL),
(203, 175, 22, 6, NULL, '2026-02-04 15:13:45', NULL),
(204, 176, 23, 3, NULL, '2026-02-04 15:13:45', NULL),
(205, 177, 24, 2, NULL, '2026-02-04 15:13:45', NULL),
(206, 178, 25, 4, NULL, '2026-02-04 15:13:45', NULL),
(207, 179, 26, 8, NULL, '2026-02-04 15:13:45', NULL),
(208, 180, 27, 12, NULL, '2026-02-04 15:13:45', NULL),
(209, 181, 28, 5, NULL, '2026-02-04 15:13:45', NULL),
(210, 182, 29, 7, NULL, '2026-02-04 15:13:45', NULL),
(211, 183, 30, 15, NULL, '2026-02-04 15:13:45', NULL),
(212, 184, 31, 20, NULL, '2026-02-04 15:13:45', NULL),
(213, 185, 21, 14, NULL, '2026-02-04 15:13:45', NULL),
(214, 186, 29, 54, NULL, '2026-02-05 08:19:57', '2026-02-05 08:22:31'),
(215, 187, 25, 13, NULL, '2026-02-05 08:19:57', '2026-02-05 08:22:31'),
(216, 188, 28, 151, NULL, '2026-02-05 08:19:57', '2026-02-05 08:22:31'),
(217, 189, 22, 90, NULL, '2026-02-05 08:19:57', '2026-02-05 08:22:31'),
(218, 190, 23, 433, NULL, '2026-02-05 08:19:57', '2026-02-05 08:22:31'),
(219, 191, 22, 57, NULL, '2026-02-05 08:19:57', '2026-02-05 08:22:31'),
(220, 192, 23, 73, NULL, '2026-02-05 08:19:57', '2026-02-05 08:22:31'),
(221, 193, 26, 203, NULL, '2026-02-05 08:19:57', '2026-02-05 08:22:31'),
(222, 194, 22, 237, NULL, '2026-02-05 08:19:57', '2026-02-05 08:22:31'),
(223, 195, 21, 255, NULL, '2026-02-05 08:19:57', '2026-02-05 08:22:31'),
(224, 196, 21, 403, NULL, '2026-02-05 08:19:57', '2026-02-05 08:22:31'),
(225, 197, 23, 266, NULL, '2026-02-05 08:19:57', '2026-02-05 08:22:31'),
(226, 198, 22, 41, NULL, '2026-02-05 08:19:57', '2026-02-05 08:22:31'),
(227, 199, 28, 180, NULL, '2026-02-05 08:19:57', '2026-02-05 08:22:31'),
(228, 200, 25, 85, NULL, '2026-02-05 08:19:57', '2026-02-05 08:22:31'),
(229, 201, 24, 260, NULL, '2026-02-05 08:19:57', '2026-02-05 08:22:31'),
(230, 202, 22, 42, NULL, '2026-02-05 08:19:57', '2026-02-05 08:22:31'),
(231, 203, 21, 347, NULL, '2026-02-05 08:19:57', '2026-02-05 08:22:31'),
(232, 204, 21, 427, NULL, '2026-02-05 08:19:57', '2026-02-05 08:22:31'),
(233, 205, 28, 425, NULL, '2026-02-05 08:19:57', '2026-02-05 08:22:31'),
(234, 206, 29, 405, NULL, '2026-02-05 08:19:57', '2026-02-05 08:22:31'),
(235, 207, 22, 207, NULL, '2026-02-05 08:19:57', '2026-02-05 08:22:31'),
(236, 208, 31, 444, NULL, '2026-02-05 08:19:57', '2026-02-05 08:22:31'),
(237, 209, 31, 122, NULL, '2026-02-05 08:19:57', '2026-02-05 08:22:31'),
(238, 210, 29, 99, NULL, '2026-02-05 08:19:57', '2026-02-05 08:22:31'),
(239, 211, 23, 326, NULL, '2026-02-05 08:19:57', '2026-02-05 08:22:31'),
(240, 212, 31, 273, NULL, '2026-02-05 08:19:57', '2026-02-05 08:22:31'),
(241, 213, 25, 359, NULL, '2026-02-05 08:19:57', '2026-02-05 08:22:31'),
(242, 214, 29, 232, NULL, '2026-02-05 08:19:57', '2026-02-05 08:22:31'),
(243, 215, 21, 384, NULL, '2026-02-05 08:19:57', '2026-02-05 08:22:31'),
(244, 216, 25, 258, NULL, '2026-02-05 08:19:57', '2026-02-05 08:22:31'),
(245, 217, 28, 431, NULL, '2026-02-05 08:19:57', '2026-02-05 08:22:31'),
(246, 218, 22, 376, NULL, '2026-02-05 08:19:57', '2026-02-05 08:22:31'),
(247, 219, 27, 202, NULL, '2026-02-05 08:19:57', '2026-02-05 08:22:31'),
(248, 220, 22, 7, NULL, '2026-02-05 08:19:57', '2026-02-05 08:22:31'),
(249, 221, 27, 46, NULL, '2026-02-05 08:19:57', '2026-02-05 08:22:31'),
(250, 222, 21, 206, NULL, '2026-02-05 08:19:57', '2026-02-05 08:22:31'),
(251, 223, 24, 337, NULL, '2026-02-05 08:19:57', '2026-02-05 08:22:31'),
(252, 224, 22, 125, NULL, '2026-02-05 08:19:57', '2026-02-05 08:22:31'),
(253, 225, 29, 226, NULL, '2026-02-05 08:19:57', '2026-02-05 08:22:31'),
(254, 226, 21, 185, NULL, '2026-02-05 08:19:57', '2026-02-05 08:22:31'),
(255, 227, 27, 293, NULL, '2026-02-05 08:19:57', '2026-02-05 08:22:31'),
(256, 228, 26, 388, NULL, '2026-02-05 08:19:57', '2026-02-05 08:22:31'),
(257, 229, 30, 130, NULL, '2026-02-05 08:19:57', '2026-02-05 08:22:31'),
(258, 230, 29, 442, NULL, '2026-02-05 08:19:57', '2026-02-05 08:22:31'),
(259, 231, 23, 112, NULL, '2026-02-05 08:19:57', '2026-02-05 08:22:31'),
(260, 232, 25, 369, NULL, '2026-02-05 08:19:57', '2026-02-05 08:22:31'),
(261, 233, 24, 389, NULL, '2026-02-05 08:19:57', '2026-02-05 08:22:31'),
(262, 234, 22, 157, NULL, '2026-02-05 08:19:57', '2026-02-05 08:22:31'),
(263, 235, 25, 427, NULL, '2026-02-05 08:19:57', '2026-02-05 08:22:31'),
(264, 236, 28, 320, NULL, '2026-02-05 08:19:57', '2026-02-05 08:22:31'),
(265, 237, 25, 396, NULL, '2026-02-05 08:19:57', '2026-02-05 08:22:31'),
(266, 238, 22, 370, NULL, '2026-02-05 08:19:57', '2026-02-05 08:22:31'),
(267, 239, 26, 78, NULL, '2026-02-05 08:19:57', '2026-02-05 08:22:31'),
(268, 240, 26, 47, NULL, '2026-02-05 08:19:57', '2026-02-05 08:22:31'),
(269, 241, 28, 42, NULL, '2026-02-05 08:19:57', '2026-02-05 08:22:31'),
(270, 242, 22, 313, NULL, '2026-02-05 08:19:57', '2026-02-05 08:22:31'),
(271, 243, 22, 366, NULL, '2026-02-05 08:19:57', '2026-02-05 08:22:31'),
(272, 244, 31, 380, NULL, '2026-02-05 08:19:57', '2026-02-05 08:22:31'),
(273, 245, 23, 363, NULL, '2026-02-05 08:19:57', '2026-02-05 08:22:31'),
(274, 246, 30, 368, NULL, '2026-02-05 08:19:57', '2026-02-05 08:22:31'),
(275, 247, 26, 240, NULL, '2026-02-05 08:19:57', '2026-02-05 08:22:31'),
(276, 248, 29, 412, NULL, '2026-02-05 08:19:57', '2026-02-05 08:22:31'),
(277, 249, 21, 375, NULL, '2026-02-05 08:19:57', '2026-02-05 08:22:31'),
(278, 250, 23, 172, NULL, '2026-02-05 08:19:57', '2026-02-05 08:22:31'),
(279, 251, 24, 276, NULL, '2026-02-05 08:19:57', '2026-02-05 08:22:31'),
(280, 252, 28, 366, NULL, '2026-02-05 08:19:57', '2026-02-05 08:22:31'),
(281, 253, 30, 167, NULL, '2026-02-05 08:19:57', '2026-02-05 08:22:31'),
(282, 254, 21, 24, NULL, '2026-02-05 08:19:57', '2026-02-05 08:22:31'),
(283, 255, 21, 106, NULL, '2026-02-05 08:19:57', '2026-02-05 08:22:31'),
(284, 256, 27, 319, NULL, '2026-02-05 08:19:57', '2026-02-05 08:22:31'),
(285, 257, 21, 101, NULL, '2026-02-05 08:19:57', '2026-02-05 08:22:31'),
(286, 258, 28, 114, NULL, '2026-02-05 08:19:57', '2026-02-05 08:22:31'),
(287, 259, 29, 76, NULL, '2026-02-05 08:19:57', '2026-02-05 08:22:31'),
(288, 260, 27, 403, NULL, '2026-02-05 08:19:57', '2026-02-05 08:22:31'),
(289, 261, 30, 379, NULL, '2026-02-05 08:19:57', '2026-02-05 08:22:31'),
(290, 262, 26, 197, NULL, '2026-02-05 08:19:57', '2026-02-05 08:22:31'),
(291, 263, 27, 12, NULL, '2026-02-05 08:19:57', '2026-02-05 08:22:31'),
(292, 264, 25, 31, NULL, '2026-02-05 08:19:57', '2026-02-05 08:22:31'),
(293, 265, 28, 94, NULL, '2026-02-05 08:19:57', '2026-02-05 08:22:31'),
(294, 266, 29, 399, NULL, '2026-02-05 08:19:57', '2026-02-05 08:22:31'),
(295, 267, 30, 409, NULL, '2026-02-05 08:19:57', '2026-02-05 08:22:31'),
(296, 268, 22, 107, NULL, '2026-02-05 08:19:57', '2026-02-05 08:22:31'),
(297, 269, 26, 87, NULL, '2026-02-05 08:19:57', '2026-02-05 08:22:31'),
(298, 270, 29, 176, NULL, '2026-02-05 08:19:57', '2026-02-05 08:22:31'),
(299, 271, 31, 241, NULL, '2026-02-05 08:19:57', '2026-02-05 08:22:31'),
(300, 272, 30, 129, NULL, '2026-02-05 08:19:57', '2026-02-05 08:22:31'),
(301, 273, 31, 331, NULL, '2026-02-05 08:19:57', '2026-02-05 08:22:31'),
(302, 274, 23, 205, NULL, '2026-02-05 08:19:57', '2026-02-05 08:22:31'),
(303, 275, 27, 257, NULL, '2026-02-05 08:19:57', '2026-02-05 08:22:31'),
(304, 276, 26, 352, NULL, '2026-02-05 08:19:57', '2026-02-05 08:22:31'),
(305, 277, 26, 222, NULL, '2026-02-05 08:19:57', '2026-02-05 08:22:31'),
(306, 278, 25, 334, NULL, '2026-02-05 08:19:57', '2026-02-05 08:22:31'),
(307, 279, 22, 320, NULL, '2026-02-05 08:19:57', '2026-02-05 08:22:31'),
(308, 280, 24, 188, NULL, '2026-02-05 08:19:57', '2026-02-05 08:22:31'),
(309, 281, 28, 275, NULL, '2026-02-05 08:19:57', '2026-02-05 08:22:31'),
(310, 282, 24, 348, NULL, '2026-02-05 08:19:57', '2026-02-05 08:22:31'),
(311, 283, 26, 39, NULL, '2026-02-05 08:19:57', '2026-02-05 08:22:31'),
(312, 284, 23, 427, NULL, '2026-02-05 08:19:57', '2026-02-05 08:22:31'),
(313, 285, 27, 326, NULL, '2026-02-05 08:19:57', '2026-02-05 08:22:31'),
(314, 286, 24, 91, NULL, '2026-02-05 08:19:57', '2026-02-05 08:22:31'),
(315, 287, 28, 233, NULL, '2026-02-05 08:19:57', '2026-02-05 08:22:31'),
(316, 288, 26, 264, NULL, '2026-02-05 08:19:57', '2026-02-05 08:22:31'),
(317, 289, 24, 170, NULL, '2026-02-05 08:19:57', '2026-02-05 08:22:31'),
(318, 290, 30, 260, NULL, '2026-02-05 08:19:57', '2026-02-05 08:22:31'),
(319, 291, 26, 84, NULL, '2026-02-05 08:19:57', '2026-02-05 08:22:31'),
(320, 292, 25, 162, NULL, '2026-02-05 08:19:57', '2026-02-05 08:22:31'),
(321, 293, 27, 267, NULL, '2026-02-05 08:19:57', '2026-02-05 08:22:31'),
(322, 294, 28, 276, NULL, '2026-02-05 08:19:57', '2026-02-05 08:22:31'),
(323, 295, 28, 354, NULL, '2026-02-05 08:19:57', '2026-02-05 08:22:31'),
(324, 296, 24, 385, NULL, '2026-02-05 08:19:57', '2026-02-05 08:22:31'),
(325, 297, 29, 273, NULL, '2026-02-05 08:19:57', '2026-02-05 08:22:31'),
(326, 298, 28, 242, NULL, '2026-02-05 08:19:57', '2026-02-05 08:22:31'),
(327, 299, 31, 124, NULL, '2026-02-05 08:19:57', '2026-02-05 08:22:31'),
(328, 300, 21, 436, NULL, '2026-02-05 08:19:57', '2026-02-05 08:22:31'),
(329, 301, 28, 173, NULL, '2026-02-05 08:19:57', '2026-02-05 08:22:31'),
(330, 302, 31, 105, NULL, '2026-02-05 08:19:57', '2026-02-05 08:22:31'),
(331, 303, 29, 287, NULL, '2026-02-05 08:19:57', '2026-02-05 08:22:31'),
(332, 304, 31, 329, NULL, '2026-02-05 08:19:57', '2026-02-05 08:22:31'),
(333, 305, 27, 119, NULL, '2026-02-05 08:19:57', '2026-02-05 08:22:31'),
(334, 306, 28, 314, NULL, '2026-02-05 08:19:57', '2026-02-05 08:22:31'),
(335, 307, 26, 220, NULL, '2026-02-05 08:19:57', '2026-02-05 08:22:31'),
(336, 48, 31, 1, NULL, '2026-02-05 08:24:17', NULL),
(337, 309, 25, 121, NULL, '2026-02-05 12:54:21', NULL),
(440, 410, 21, 50, NULL, '2026-02-06 13:32:33', '2026-02-06 13:32:33'),
(441, 411, 31, 200, NULL, '2026-02-06 13:32:33', NULL),
(442, 412, 24, 15, NULL, '2026-02-06 13:32:33', NULL),
(443, 44, 28, 8, NULL, '2026-02-06 13:32:33', NULL),
(444, 413, 22, 120, NULL, '2026-02-06 13:32:33', NULL),
(445, 414, 26, 42, NULL, '2026-02-06 13:32:33', NULL),
(446, 415, 27, 19, NULL, '2026-02-06 13:32:33', '2026-02-06 13:34:30'),
(447, 416, 30, 88, NULL, '2026-02-06 13:32:33', NULL),
(448, 417, 25, 65, NULL, '2026-02-06 13:32:33', NULL),
(449, 418, 21, 29, NULL, '2026-02-06 13:32:33', NULL),
(450, 419, 31, 55, NULL, '2026-02-06 13:32:33', NULL),
(451, 420, 24, 22, NULL, '2026-02-06 13:32:33', NULL),
(452, 421, 28, 4, NULL, '2026-02-06 13:32:33', NULL),
(453, 422, 22, 6, NULL, '2026-02-06 13:32:33', NULL),
(454, 423, 26, 130, NULL, '2026-02-06 13:32:33', NULL),
(455, 424, 23, 11, NULL, '2026-02-06 13:32:33', NULL),
(456, 425, 27, 95, NULL, '2026-02-06 13:32:33', NULL),
(457, 426, 30, 150, NULL, '2026-02-06 13:32:33', NULL),
(458, 427, 25, 300, NULL, '2026-02-06 13:32:33', NULL),
(459, 428, 21, 62, NULL, '2026-02-06 13:32:33', NULL),
(460, 429, 31, 18, NULL, '2026-02-06 13:32:33', NULL),
(461, 430, 24, 44, NULL, '2026-02-06 13:32:33', NULL),
(462, 431, 28, 85, NULL, '2026-02-06 13:32:33', NULL),
(463, 432, 22, 73, NULL, '2026-02-06 13:32:33', NULL),
(464, 433, 26, 10, NULL, '2026-02-06 13:32:33', '2026-02-06 13:34:30'),
(465, 434, 23, 110, NULL, '2026-02-06 13:32:33', NULL),
(466, 435, 27, 2, NULL, '2026-02-06 13:32:33', NULL),
(467, 436, 30, 5, NULL, '2026-02-06 13:32:33', NULL),
(468, 437, 25, 58, NULL, '2026-02-06 13:32:33', NULL),
(469, 438, 21, 92, NULL, '2026-02-06 13:32:33', NULL),
(470, 439, 31, 27, NULL, '2026-02-06 13:32:33', NULL),
(471, 440, 24, 16, NULL, '2026-02-06 13:32:33', NULL),
(472, 441, 28, 15, NULL, '2026-02-06 13:32:33', NULL),
(473, 442, 22, 14, NULL, '2026-02-06 13:32:33', NULL),
(474, 443, 26, 11, NULL, '2026-02-06 13:32:33', NULL),
(475, 444, 23, 78, NULL, '2026-02-06 13:32:33', NULL),
(476, 445, 27, 42, NULL, '2026-02-06 13:32:33', NULL),
(477, 446, 30, 140, NULL, '2026-02-06 13:32:33', NULL),
(478, 447, 25, 29, NULL, '2026-02-06 13:32:33', NULL),
(479, 448, 31, 31, NULL, '2026-02-06 13:32:33', NULL),
(480, 449, 24, 38, NULL, '2026-02-06 13:32:33', NULL),
(481, 412, 28, 14, NULL, '2026-02-06 13:32:33', NULL),
(482, 450, 22, 25, NULL, '2026-02-06 13:32:33', NULL),
(483, 415, 26, 20, NULL, '2026-02-06 13:32:33', NULL),
(484, 414, 23, 12, NULL, '2026-02-06 13:32:33', NULL),
(485, 451, 27, 99, NULL, '2026-02-06 13:32:33', NULL),
(486, 452, 30, 250, NULL, '2026-02-06 13:32:33', NULL),
(487, 428, 25, 48, NULL, '2026-02-06 13:32:33', NULL),
(488, 453, 21, 145, NULL, '2026-02-06 13:34:30', NULL),
(489, 437, 22, 82, NULL, '2026-02-06 13:34:30', NULL),
(490, 420, 23, 15, NULL, '2026-02-06 13:34:30', NULL),
(491, 429, 24, 37, NULL, '2026-02-06 13:34:30', NULL),
(492, 454, 25, 200, NULL, '2026-02-06 13:34:30', NULL),
(493, 44, 26, 12, NULL, '2026-02-06 13:34:30', NULL),
(494, 445, 28, 44, NULL, '2026-02-06 13:34:30', NULL),
(495, 455, 29, 150, NULL, '2026-02-06 13:34:30', NULL),
(496, 414, 30, 11, NULL, '2026-02-06 13:34:30', NULL),
(497, 434, 31, 300, NULL, '2026-02-06 13:34:30', NULL),
(498, 449, 22, 48, NULL, '2026-02-06 13:34:30', NULL),
(499, 456, 23, 14, NULL, '2026-02-06 13:34:30', NULL),
(500, 423, 24, 90, NULL, '2026-02-06 13:34:30', NULL),
(501, 457, 25, 65, NULL, '2026-02-06 13:34:30', NULL),
(502, 426, 26, 180, NULL, '2026-02-06 13:34:30', NULL),
(503, 458, 27, 20, NULL, '2026-02-06 13:34:30', NULL),
(504, 422, 28, 6, NULL, '2026-02-06 13:34:30', NULL),
(505, 425, 29, 110, NULL, '2026-02-06 13:34:30', NULL),
(506, 430, 30, 42, NULL, '2026-02-06 13:34:30', NULL),
(507, 450, 31, 33, NULL, '2026-02-06 13:34:30', NULL),
(508, 436, 21, 5, NULL, '2026-02-06 13:34:30', NULL),
(509, 418, 22, 28, NULL, '2026-02-06 13:34:30', NULL),
(510, 416, 23, 140, NULL, '2026-02-06 13:34:30', NULL),
(511, 459, 24, 12, NULL, '2026-02-06 13:34:30', NULL),
(512, 460, 25, 2, NULL, '2026-02-06 13:34:30', NULL),
(513, 431, 26, 95, NULL, '2026-02-06 13:34:30', NULL),
(514, 443, 27, 11, NULL, '2026-02-06 13:34:30', NULL),
(515, 461, 28, 250, NULL, '2026-02-06 13:34:30', NULL),
(516, 412, 29, 20, NULL, '2026-02-06 13:34:30', NULL),
(517, 417, 30, 85, NULL, '2026-02-06 13:34:30', NULL),
(518, 424, 31, 15, NULL, '2026-02-06 13:34:30', NULL),
(519, 419, 21, 44, NULL, '2026-02-06 13:34:30', NULL),
(520, 439, 22, 38, NULL, '2026-02-06 13:34:30', NULL),
(521, 440, 23, 26, NULL, '2026-02-06 13:34:30', NULL),
(522, 441, 24, 12, NULL, '2026-02-06 13:34:30', NULL),
(523, 462, 25, 130, NULL, '2026-02-06 13:34:30', NULL),
(524, 438, 27, 75, NULL, '2026-02-06 13:34:30', NULL),
(525, 435, 28, 6, NULL, '2026-02-06 13:34:30', NULL),
(526, 463, 29, 160, NULL, '2026-02-06 13:34:30', NULL),
(527, 428, 30, 58, NULL, '2026-02-06 13:34:30', NULL),
(528, 464, 31, 115, NULL, '2026-02-06 13:34:30', NULL),
(529, 427, 21, 190, NULL, '2026-02-06 13:34:30', NULL),
(530, 452, 22, 180, NULL, '2026-02-06 13:34:30', NULL),
(531, 446, 23, 140, NULL, '2026-02-06 13:34:30', NULL),
(532, 442, 24, 22, NULL, '2026-02-06 13:34:30', NULL),
(533, 465, 25, 34, NULL, '2026-02-06 13:34:30', NULL),
(534, 466, 26, 142, NULL, '2026-02-06 13:34:30', NULL);

-- --------------------------------------------------------

--
-- Tábla szerkezet ehhez a táblához `products`
--

CREATE TABLE `products` (
  `ID` int(11) NOT NULL,
  `name` varchar(100) NOT NULL,
  `item_number` varchar(100) NOT NULL,
  `description` text NOT NULL,
  `category_ID` int(11) NOT NULL,
  `active` tinyint(1) NOT NULL,
  `created_at` datetime NOT NULL DEFAULT current_timestamp(),
  `updated_at` datetime DEFAULT current_timestamp()
) ENGINE=InnoDB DEFAULT CHARSET=utf8mb4 COLLATE=utf8mb4_general_ci;

--
-- A tábla adatainak kiíratása `products`
--

INSERT INTO `products` (`ID`, `name`, `item_number`, `description`, `category_ID`, `active`, `created_at`, `updated_at`) VALUES
(41, 'USB-C Kábel 1m', '100001', 'Gyors töltésre alkalmas USB-C kábel.', 1, 1, '2025-12-05 18:38:27', '2026-02-03 20:52:44'),
(42, 'Laptop Hátizsák 15.6\"', '100002', 'Vízlepergető bevonattal, több rekesszel.', 2, 0, '2025-12-05 18:38:27', '2026-02-03 20:52:44'),
(43, 'Logitech Bluetooth Egér', '100003', 'Vezeték nélküli, 1600 DPI érzékenységgel.', 1, 1, '2025-12-05 18:38:27', '2026-02-03 20:52:44'),
(44, 'Mechanikus Billentyűzet', '100004', 'Kék switch, RGB világítás.', 1, 1, '2025-12-05 18:38:27', '2026-02-03 20:52:44'),
(45, 'iPhone 15 Tok', '100005', 'Szilikon védőtok fekete színben.', 3, 1, '2025-12-05 18:38:27', '2026-02-03 20:52:44'),
(46, 'Notebook Állvány', '100006', 'Állítható magasságú alumínium állvány.', 2, 0, '2025-12-05 18:38:27', '2026-02-03 20:52:44'),
(47, 'HDMI Kábel 2m', '100007', '4K felbontás támogatás, aranyozott csatlakozó.', 1, 1, '2025-12-05 18:38:27', '2026-02-03 20:52:44'),
(48, 'USB Pendrive 64GB', '100008', 'Gyors adatátvitel, kulcstartóra rögzíthető.', 1, 1, '2025-12-05 18:38:27', '2026-02-03 20:52:44'),
(49, 'Gaming Headset', '100009', '7.1 virtuális hangzás, zajszűrő mikrofonnal.', 4, 1, '2025-12-05 18:38:27', '2026-02-03 20:52:44'),
(50, 'Webkamera Full HD', '100010', '1080p felbontás, autofókusz funkció.', 4, 1, '2025-12-05 18:38:27', '2026-02-03 20:52:44'),
(51, 'Prémium Egérpad', '100011', 'Csúszásmentes felület gamer használatra.', 4, 1, '2025-12-05 18:38:27', '2026-02-03 20:52:44'),
(52, 'Type-C Töltőfej 30W', '100012', 'Gyors töltés támogatás USB Power Delivery-vel.', 1, 1, '2025-12-05 18:38:27', '2026-02-03 20:52:44'),
(53, 'Asztali Ventillátor USB', '100013', 'Csendes működés, 3 sebességfokozat.', 5, 1, '2025-12-05 18:38:27', '2026-02-03 20:52:44'),
(54, 'Okosóra Szíj 22mm', '100014', 'Szilikon szíj különböző órákhoz.', 3, 0, '2025-12-05 18:38:27', '2026-02-03 20:52:44'),
(55, 'Powerbank 20 000mAh', '100015', 'Gyors töltés, LED töltöttség kijelző.', 1, 1, '2025-12-05 18:38:27', '2026-02-03 20:52:44'),
(56, 'Bluetooth Hangszóró', '100016', 'Vízálló IPX5 minősítés, erős basszus.', 5, 1, '2025-12-05 18:38:27', '2026-02-03 20:52:44'),
(57, 'Kijelzőtisztító Spray', '100017', 'Antisztatikus tisztítószer mikroszálas kendővel.', 3, 1, '2025-12-05 18:38:27', '2026-02-03 20:52:44'),
(58, 'USB-C Docking Station', '100018', 'HDMI, USB3, LAN és SD kártya olvasóval.', 2, 1, '2025-12-05 18:38:27', '2026-02-03 20:52:44'),
(59, 'Vezeték nélküli Töltő', '100019', '10W gyorstöltés Qi szabvány szerint.', 1, 1, '2025-12-05 18:38:27', '2026-02-03 20:52:44'),
(60, 'Fotós Állvány Mini', '100020', 'Kompakt tripod, 360° fejjel.', 5, 1, '2025-12-05 18:38:27', '2026-02-03 20:52:44'),
(64, 'Trapista sajt', '1768993094', 'CSV Importált', 1, 1, '2026-01-21 11:58:12', '2026-02-03 20:52:44'),
(65, 'Iphone 10 Töltő', '1768993095', 'CSV Importált', 1, 1, '2026-01-21 11:58:12', '2026-02-03 20:52:44'),
(66, '43', '1768993097', 'CSV Importált', 1, 0, '2026-01-21 11:58:12', '2026-02-03 20:52:44'),
(67, 'Várj egy kicsit', '2147483647', 'Várj, generálok egyetttt, na mit irjak meg ide, NA,  na jojo jolesz, termek mentese, nem befejezes, nyomj egy tabot roland. Igen? pont. termék mentése, nyomd meg a gombot roland, hahahahahahhaahah néázd add ide az egeret', 12, 1, '2026-01-22 20:36:39', '2026-02-03 20:52:44'),
(68, 'ASUS Vivobook AX', '345346664', 'Várj, generálok egyetttt, na mit irjak meg ide, NA, aaana jojo jolesz, termek mentese, nem befejezes, nyomj egy tabot roland. Igen? pont. termék mentése, nyomd meg a gombot roland, hahahahahahahhaahah néázd add ide az egeret', 21, 0, '2026-02-03 10:22:59', '2026-02-03 20:52:44'),
(70, 'ASUS Vivobook 3 A', '177011271', 'Lorem ipsum dolor sit amet, consectetur adipisicing elit. Distinctio corporis eaque eveniet, quam sed ab vero expedita, odit, doloremque voluptatum aliquid nobis quo ratione aperiam incidunt animi quae! Facere, obcaecati.', 21, 1, '2026-02-03 10:58:28', '2026-02-03 20:52:44'),
(74, 'Hikvision DS-2CD5526G0-IZHS(2.8-12mm)(B) FULLHD Ultra plus oliva olaj', '1770146457', 'Fejhallgató Lorem ipsum dolor sit amet consectetur adipisicing elit. Ipsum earum cupiditate repudiandae illo eum corporis consequuntur facere similique, quos explicabo voluptates, quisquam error exercitationem. Quisquam libero excepturi voluptatum architecto? Voluptates.', 20, 1, '2026-02-03 20:20:57', '2026-02-03 20:52:44'),
(81, '3e24ewf', '2342342', '23423424', 19, 1, '2026-02-03 20:39:13', '2026-02-03 20:52:44'),
(82, 'RokesToland bodypillow', '1531434343', 'Gamer', 7, 1, '2026-02-03 20:39:27', '2026-02-03 20:52:44'),
(86, 'Dell Optiplex G1', '1770214427', 'CSV Importált termék', 1, 1, '2026-02-04 15:13:45', '2026-02-04 15:13:45'),
(87, 'Logitech MX Mouse v1', '1770214428', 'CSV Importált termék', 1, 1, '2026-02-04 15:13:45', '2026-02-04 15:13:45'),
(88, 'Samsung 27 Monitor', '1770214429', 'CSV Importált termék', 1, 1, '2026-02-04 15:13:45', '2026-02-04 15:13:45'),
(89, 'Kingston 16GB RAM', '1770214430', 'CSV Importált termék', 1, 1, '2026-02-04 15:13:45', '2026-02-04 15:13:45'),
(90, 'HP LaserJet Pro', '1770214431', 'CSV Importált termék', 1, 1, '2026-02-04 15:13:45', '2026-02-04 15:13:45'),
(91, 'Asus ROG Strix GPU', '1770214432', 'CSV Importált termék', 1, 1, '2026-02-04 15:13:45', '2026-02-04 15:13:45'),
(92, 'TP-Link Router AX', '1770214433', 'CSV Importált termék', 1, 1, '2026-02-04 15:13:45', '2026-02-04 15:13:45'),
(93, 'Western Digital 2TB', '1770214434', 'CSV Importált termék', 1, 1, '2026-02-04 15:13:45', '2026-02-04 15:13:45'),
(94, 'SteelSeries Keyboard', '1770214435', 'CSV Importált termék', 1, 1, '2026-02-04 15:13:45', '2026-02-04 15:13:45'),
(95, 'Blue Yeti Microphone', '1770214436', 'CSV Importált termék', 1, 1, '2026-02-04 15:13:45', '2026-02-04 15:13:45'),
(96, 'Sony WH-1000XM4', '1770214437', 'CSV Importált termék', 1, 1, '2026-02-04 15:13:45', '2026-02-04 15:13:45'),
(97, 'LG UltraWide 34', '1770214438', 'CSV Importált termék', 1, 1, '2026-02-04 15:13:45', '2026-02-04 15:13:45'),
(98, 'Intel Core i7-13700K', '1770214439', 'CSV Importált termék', 1, 1, '2026-02-04 15:13:45', '2026-02-04 15:13:45'),
(99, 'AMD Ryzen 9 7900X', '1770214440', 'CSV Importált termék', 1, 1, '2026-02-04 15:13:45', '2026-02-04 15:13:45'),
(100, 'Corsair 850W PSU', '1770214441', 'CSV Importált termék', 1, 1, '2026-02-04 15:13:45', '2026-02-04 15:13:45'),
(101, 'NZXT H510 Case', '1770214442', 'CSV Importált termék', 1, 1, '2026-02-04 15:13:45', '2026-02-04 15:13:45'),
(102, 'Gigabyte B650 MB', '1770214443', 'CSV Importált termék', 1, 1, '2026-02-04 15:13:45', '2026-02-04 15:13:45'),
(103, 'Samsung 980 Pro 1TB', '1770214444', 'CSV Importált termék', 1, 1, '2026-02-04 15:13:45', '2026-02-04 15:13:45'),
(104, 'Noctua NH-D15 Fan', '1770214445', 'CSV Importált termék', 1, 1, '2026-02-04 15:13:45', '2026-02-04 15:13:45'),
(105, 'Razer DeathAdder V3', '1770214446', 'CSV Importált termék', 1, 1, '2026-02-04 15:13:45', '2026-02-04 15:13:45'),
(106, 'Elgato Stream Deck', '1770214447', 'CSV Importált termék', 1, 1, '2026-02-04 15:13:45', '2026-02-04 15:13:45'),
(107, 'SanDisk 64GB USB', '1770214448', 'CSV Importált termék', 1, 1, '2026-02-04 15:13:45', '2026-02-04 15:13:45'),
(108, 'Creative Pebble V3', '1770214449', 'CSV Importált termék', 1, 1, '2026-02-04 15:13:45', '2026-02-04 15:13:45'),
(109, 'BenQ Zowie XL2546', '1770214450', 'CSV Importált termék', 1, 1, '2026-02-04 15:13:45', '2026-02-04 15:13:45'),
(110, 'Seagate IronWolf 4TB', '1770214451', 'CSV Importált termék', 1, 1, '2026-02-04 15:13:45', '2026-02-04 15:13:45'),
(111, 'Crucial Ballistix 32GB', '1770214452', 'CSV Importált termék', 1, 1, '2026-02-04 15:13:45', '2026-02-04 15:13:45'),
(112, 'Be Quiet Dark Rock 4', '1770214453', 'CSV Importált termék', 1, 1, '2026-02-04 15:13:45', '2026-02-04 15:13:45'),
(113, 'Anker USB-C Hub', '1770214454', 'CSV Importált termék', 1, 1, '2026-02-04 15:13:45', '2026-02-04 15:13:45'),
(114, 'Wacom Intuos Pro', '1770214455', 'CSV Importált termék', 1, 1, '2026-02-04 15:13:45', '2026-02-04 15:13:45'),
(115, 'Sennheiser HD 600', '1770214456', 'CSV Importált termék', 1, 1, '2026-02-04 15:13:45', '2026-02-04 15:13:45'),
(116, 'Keychron K2 V2', '1770214457', 'CSV Importált termék', 1, 1, '2026-02-04 15:13:45', '2026-02-04 15:13:45'),
(117, 'Logitech C920 Webcam', '1770214458', 'CSV Importált termék', 1, 1, '2026-02-04 15:13:45', '2026-02-04 15:13:45'),
(118, 'HyperX Cloud II', '1770214459', 'CSV Importált termék', 1, 1, '2026-02-04 15:13:45', '2026-02-04 15:13:45'),
(119, 'Microsoft Xbox Pad', '1770214460', 'CSV Importált termék', 1, 1, '2026-02-04 15:13:45', '2026-02-04 15:13:45'),
(120, 'DualSense Controller', '1770214461', 'CSV Importált termék', 1, 1, '2026-02-04 15:13:45', '2026-02-04 15:13:45'),
(121, 'Bose QC45 Headset', '1770214462', 'CSV Importált termék', 1, 1, '2026-02-04 15:13:45', '2026-02-04 15:13:45'),
(122, 'Ugreen Cat7 Cable', '1770214463', 'CSV Importált termék', 1, 1, '2026-02-04 15:13:45', '2026-02-04 15:13:45'),
(123, 'Rode NT1-A Kit', '1770214464', 'CSV Importált termék', 1, 1, '2026-02-04 15:13:45', '2026-02-04 15:13:45'),
(124, 'Focusrite Scarlett 2i2', '1770214465', 'CSV Importált termék', 1, 1, '2026-02-04 15:13:45', '2026-02-04 15:13:45'),
(125, 'Epson EcoTank L3250', '1770214466', 'CSV Importált termék', 1, 1, '2026-02-04 15:13:45', '2026-02-04 15:13:45'),
(126, 'Apple Magic Trackpad', '1770214467', 'CSV Importált termék', 1, 1, '2026-02-04 15:13:45', '2026-02-04 15:13:45'),
(127, 'Surface Precision Mouse', '1770214468', 'CSV Importált termék', 1, 1, '2026-02-04 15:13:45', '2026-02-04 15:13:45'),
(128, 'Fractal Design Meshify', '1770214469', 'CSV Importált termék', 1, 1, '2026-02-04 15:13:45', '2026-02-04 15:13:45'),
(129, 'EVGA SuperNova 750', '1770214470', 'CSV Importált termék', 1, 1, '2026-02-04 15:13:45', '2026-02-04 15:13:45'),
(130, 'Thermal Grizzly Paste', '1770214471', 'CSV Importált termék', 1, 1, '2026-02-04 15:13:45', '2026-02-04 15:13:45'),
(131, 'Arctic P12 PWM Fan', '1770214472', 'CSV Importált termék', 1, 1, '2026-02-04 15:13:45', '2026-02-04 15:13:45'),
(132, 'D-Link 8-Port Switch', '1770214473', 'CSV Importált termék', 1, 1, '2026-02-04 15:13:45', '2026-02-04 15:13:45'),
(133, 'Synology DS220+ NAS', '1770214474', 'CSV Importált termék', 1, 1, '2026-02-04 15:13:45', '2026-02-04 15:13:45'),
(134, 'APC Back-UPS 700VA', '1770214475', 'CSV Importált termék', 1, 1, '2026-02-04 15:13:45', '2026-02-04 15:13:45'),
(135, 'Kensington Trackball', '1770214476', 'CSV Importált termék', 1, 1, '2026-02-04 15:13:45', '2026-02-04 15:13:45'),
(136, 'Oculus Quest 2 Pro', '1770214477', 'CSV Importált termék', 1, 1, '2026-02-04 15:13:45', '2026-02-04 15:13:45'),
(137, 'Valve Index Kit', '1770214478', 'CSV Importált termék', 1, 1, '2026-02-04 15:13:45', '2026-02-04 15:13:45'),
(138, 'Nintendo Switch OLED', '1770214479', 'CSV Importált termék', 1, 1, '2026-02-04 15:13:45', '2026-02-04 15:13:45'),
(139, 'Sony PlayStation 5', '1770214480', 'CSV Importált termék', 1, 1, '2026-02-04 15:13:45', '2026-02-04 15:13:45'),
(140, 'Xbox Series X', '1770214481', 'CSV Importált termék', 1, 1, '2026-02-04 15:13:45', '2026-02-04 15:13:45'),
(141, 'GoPro Hero 11', '1770214482', 'CSV Importált termék', 1, 1, '2026-02-04 15:13:45', '2026-02-04 15:13:45'),
(142, 'Insta360 X3', '1770214483', 'CSV Importált termék', 1, 1, '2026-02-04 15:13:45', '2026-02-04 15:13:45'),
(143, 'Shure SM7B', '1770214484', 'CSV Importált termék', 1, 1, '2026-02-04 15:13:45', '2026-02-04 15:13:45'),
(144, 'Yamaha HS5 Monitor', '1770214485', 'CSV Importált termék', 1, 1, '2026-02-04 15:13:45', '2026-02-04 15:13:45'),
(145, 'Mackie CR5-XBT', '1770214486', 'CSV Importált termék', 1, 1, '2026-02-04 15:13:45', '2026-02-04 15:13:45'),
(146, 'Akai MPK Mini MK3', '1770214487', 'CSV Importált termék', 1, 1, '2026-02-04 15:13:45', '2026-02-04 15:13:45'),
(147, 'Novation Launchpad X', '1770214488', 'CSV Importált termék', 1, 1, '2026-02-04 15:13:45', '2026-02-04 15:13:45'),
(148, 'Arturia MiniLab 3', '1770214489', 'CSV Importált termék', 1, 1, '2026-02-04 15:13:45', '2026-02-04 15:13:45'),
(149, 'PreSonus Eris 3.5', '1770214490', 'CSV Importált termék', 1, 1, '2026-02-04 15:13:45', '2026-02-04 15:13:45'),
(150, 'Audio-Technica M50x', '1770214491', 'CSV Importált termék', 1, 1, '2026-02-04 15:13:45', '2026-02-04 15:13:45'),
(151, 'Beyerdynamic DT 770', '1770214492', 'CSV Importált termék', 1, 1, '2026-02-04 15:13:45', '2026-02-04 15:13:45'),
(152, 'Jabra Evolve2 65', '1770214493', 'CSV Importált termék', 1, 1, '2026-02-04 15:13:45', '2026-02-04 15:13:45'),
(153, 'Poly Voyager Focus 2', '1770214494', 'CSV Importált termék', 1, 1, '2026-02-04 15:13:45', '2026-02-04 15:13:45'),
(154, 'Brother HL-L2350DW', '1770214495', 'CSV Importált termék', 1, 1, '2026-02-04 15:13:45', '2026-02-04 15:13:45'),
(155, 'Canon PIXMA TS5350', '1770214496', 'CSV Importált termék', 1, 1, '2026-02-04 15:13:45', '2026-02-04 15:13:45'),
(156, 'Lexmark B2236dw', '1770214497', 'CSV Importált termék', 1, 1, '2026-02-04 15:13:45', '2026-02-04 15:13:45'),
(157, 'Sandberg Bluetooth Pad', '1770214498', 'CSV Importált termék', 1, 1, '2026-02-04 15:13:45', '2026-02-04 15:13:45'),
(158, 'Trust GXT 101 Mouse', '1770214499', 'CSV Importált termék', 1, 1, '2026-02-04 15:13:45', '2026-02-04 15:13:45'),
(159, 'A4Tech Bloody B120', '1770214500', 'CSV Importált termék', 1, 1, '2026-02-04 15:13:45', '2026-02-04 15:13:45'),
(160, 'Verbatim DVD-R 50pk', '1770214501', 'CSV Importált termék', 1, 1, '2026-02-04 15:13:45', '2026-02-04 15:13:45'),
(161, 'TDK Audio Cassette', '1770214502', 'CSV Importált termék', 1, 1, '2026-02-04 15:13:45', '2026-02-04 15:13:45'),
(162, 'Maxell CR2032 5pk', '1770214503', 'CSV Importált termék', 1, 1, '2026-02-04 15:13:45', '2026-02-04 15:13:45'),
(163, 'Energizer AA 12pk', '1770214504', 'CSV Importált termék', 1, 1, '2026-02-04 15:13:45', '2026-02-04 15:13:45'),
(164, 'Duracell AAA 8pk', '1770214505', 'CSV Importált termék', 1, 1, '2026-02-04 15:13:45', '2026-02-04 15:13:45'),
(165, 'Varta PowerBank 10k', '1770214506', 'CSV Importált termék', 1, 1, '2026-02-04 15:13:45', '2026-02-04 15:13:45'),
(166, 'Belkin Surge Strip', '1770214507', 'CSV Importált termék', 1, 1, '2026-02-04 15:13:45', '2026-02-04 15:13:45'),
(167, 'Hama HDMI 2.1 3m', '1770214508', 'CSV Importált termék', 1, 1, '2026-02-04 15:13:45', '2026-02-04 15:13:45'),
(168, 'Baseus 65W GaN Charger', '1770214509', 'CSV Importált termék', 1, 1, '2026-02-04 15:13:45', '2026-02-04 15:13:45'),
(169, 'Joyroom Lightning Cab', '1770214510', 'CSV Importált termék', 1, 1, '2026-02-04 15:13:45', '2026-02-04 15:13:45'),
(170, 'Orico 2.5 HDD Case', '1770214511', 'CSV Importált termék', 1, 1, '2026-02-04 15:13:45', '2026-02-04 15:13:45'),
(171, 'Ulanzi MT-08 Tripod', '1770214512', 'CSV Importált termék', 1, 1, '2026-02-04 15:13:45', '2026-02-04 15:13:45'),
(172, 'Godox LED Video Light', '1770214513', 'CSV Importált termék', 1, 1, '2026-02-04 15:13:45', '2026-02-04 15:13:45'),
(173, 'Neewer Ring Light', '1770214514', 'CSV Importált termék', 1, 1, '2026-02-04 15:13:45', '2026-02-04 15:13:45'),
(174, 'Boyo BY-M1 Lavalier', '1770214515', 'CSV Importált termék', 1, 1, '2026-02-04 15:13:45', '2026-02-04 15:13:45'),
(175, 'Saramonic Blink 500', '1770214516', 'CSV Importált termék', 1, 1, '2026-02-04 15:13:45', '2026-02-04 15:13:45'),
(176, 'Hollyland Mars 400S', '1770214517', 'CSV Importált termék', 1, 1, '2026-02-04 15:13:45', '2026-02-04 15:13:45'),
(177, 'Teradek Bolt 500', '1770214518', 'CSV Importált termék', 1, 1, '2026-02-04 15:13:45', '2026-02-04 15:13:45'),
(178, 'Blackmagic ATEM Mini', '1770214519', 'CSV Importált termék', 1, 1, '2026-02-04 15:13:45', '2026-02-04 15:13:45'),
(179, 'Feelworld F6 Monitor', '1770214520', 'CSV Importált termék', 1, 1, '2026-02-04 15:13:45', '2026-02-04 15:13:45'),
(180, 'SmallRig Cage A7III', '1770214521', 'CSV Importált termék', 1, 1, '2026-02-04 15:13:45', '2026-02-04 15:13:45'),
(181, 'Zhiyun Crane M3', '1770214522', 'CSV Importált termék', 1, 1, '2026-02-04 15:13:45', '2026-02-04 15:13:45'),
(182, 'DJI RS 3 Mini', '1770214523', 'CSV Importált termék', 1, 1, '2026-02-04 15:13:45', '2026-02-04 15:13:45'),
(183, 'Insta360 Flow', '1770214524', 'CSV Importált termék', 1, 1, '2026-02-04 15:13:45', '2026-02-04 15:13:45'),
(184, 'Manfrotto Pixi Evo', '1770214525', 'CSV Importált termék', 1, 1, '2026-02-04 15:13:45', '2026-02-04 15:13:45'),
(185, 'Joby GorillaPod 3K', '1770214526', 'CSV Importált termék', 1, 1, '2026-02-04 15:13:45', '2026-02-04 15:13:45'),
(186, 'Kingston Gamer egérpad Gen 3', '1770275999', 'Prémium minőségű Kingston gamer egérpad, gaming tartozékok kategóriában. Megbízható választás professzionális használatra.', 4, 1, '2026-02-05 08:19:57', '2026-02-05 08:19:57'),
(187, 'Asus Mesh WiFi rendszer', '1770276000', 'Prémium minőségű Asus mesh wifi rendszer, hálózati eszközök kategóriában. Megbízható választás professzionális használatra.', 7, 1, '2026-02-05 08:19:57', '2026-02-05 08:19:57'),
(188, 'Logitech Ergonomikus billentyűzet', '1770276001', 'Prémium minőségű Logitech ergonomikus billentyűzet, számítógép kiegészítők kategóriában. Megbízható választás professzionális használatra.', 2, 1, '2026-02-05 08:19:57', '2026-02-05 08:19:57'),
(189, 'Xiaomi Mesh WiFi rendszer V2', '1770276002', 'Prémium minőségű Xiaomi mesh wifi rendszer, hálózati eszközök kategóriában. Megbízható választás professzionális használatra.', 7, 1, '2026-02-05 08:19:57', '2026-02-05 08:19:57'),
(190, 'Hama Mechanikus billentyűzet Elite', '1770276003', 'Prémium minőségű Hama mechanikus billentyűzet, gaming tartozékok kategóriában. Megbízható választás professzionális használatra.', 4, 1, '2026-02-05 08:19:57', '2026-02-05 08:19:57'),
(191, 'Dell Dokumentum szkenner Pro', '1770276004', 'Prémium minőségű Dell dokumentum szkenner, irodai kiegészítők kategóriában. Megbízható választás professzionális használatra.', 8, 1, '2026-02-05 08:19:57', '2026-02-05 08:19:57'),
(192, 'HyperX USB-C to Lightning kábel Gen 3', '1770276005', 'Prémium minőségű HyperX usb-c to lightning kábel, kábelek és csatlakozók kategóriában. Megbízható választás professzionális használatra.', 1, 1, '2026-02-05 08:19:57', '2026-02-05 08:19:57'),
(193, 'Kingston USB-C to Lightning kábel Elite', '1770276006', 'Prémium minőségű Kingston usb-c to lightning kábel, kábelek és csatlakozók kategóriában. Megbízható választás professzionális használatra.', 1, 1, '2026-02-05 08:19:57', '2026-02-05 08:19:57'),
(194, 'Sandisk Hűtőventilátor V2', '1770276007', 'Prémium minőségű Sandisk hűtőventilátor, gaming tartozékok kategóriában. Megbízható választás professzionális használatra.', 4, 1, '2026-02-05 08:19:57', '2026-02-05 08:19:57'),
(195, 'Philips Thunderbolt 4 kábel Pro', '1770276008', 'Prémium minőségű Philips thunderbolt 4 kábel, kábelek és csatlakozók kategóriában. Megbízható választás professzionális használatra.', 1, 1, '2026-02-05 08:19:57', '2026-02-05 08:19:57'),
(196, 'Baseus Webkamera 4K Gen 3', '1770276009', 'Prémium minőségű Baseus webkamera 4k, számítógép kiegészítők kategóriában. Megbízható választás professzionális használatra.', 2, 1, '2026-02-05 08:19:57', '2026-02-05 08:19:57'),
(197, 'Sony AI Gyorsító modul Gen 3', '1770276010', 'Prémium minőségű Sony ai gyorsító modul, új technológia kategóriában. Megbízható választás professzionális használatra.', 22, 1, '2026-02-05 08:19:57', '2026-02-05 08:19:57'),
(198, 'Apple Hordozható hangszóró Pro', '1770276011', 'Prémium minőségű Apple hordozható hangszóró, audio eszközök kategóriában. Megbízható választás professzionális használatra.', 9, 1, '2026-02-05 08:19:57', '2026-02-05 08:19:57'),
(199, 'Logitech Asztali lámpa LED Max', '1770276012', 'Prémium minőségű Logitech asztali lámpa led, irodai kiegészítők kategóriában. Megbízható választás professzionális használatra.', 8, 1, '2026-02-05 08:19:57', '2026-02-05 08:19:57'),
(200, 'LG Monitor kar Max', '1770276013', 'Prémium minőségű LG monitor kar, monitor tartozékok kategóriában. Megbízható választás professzionális használatra.', 14, 1, '2026-02-05 08:19:57', '2026-02-05 08:19:57'),
(201, 'Philips Gateway hub Max', '1770276014', 'Prémium minőségű Philips gateway hub, okosotthon eszközök kategóriában. Megbízható választás professzionális használatra.', 17, 1, '2026-02-05 08:19:57', '2026-02-05 08:19:57'),
(202, 'Sennheiser Range extender 2024', '1770276015', 'Prémium minőségű Sennheiser range extender, hálózati eszközök kategóriában. Megbízható választás professzionális használatra.', 7, 1, '2026-02-05 08:19:57', '2026-02-05 08:19:57'),
(203, 'Sennheiser Iratmegsemmisítő 2024', '1770276016', 'Prémium minőségű Sennheiser iratmegsemmisítő, irodai kiegészítők kategóriában. Megbízható választás professzionális használatra.', 8, 1, '2026-02-05 08:19:57', '2026-02-05 08:19:57'),
(204, 'Sandisk HDMI 2.1 kábel 2m Black Edition', '1770276017', 'Prémium minőségű Sandisk hdmi 2.1 kábel 2m, kábelek és csatlakozók kategóriában. Megbízható választás professzionális használatra.', 1, 1, '2026-02-05 08:19:57', '2026-02-05 08:19:57'),
(205, 'Trust Portable HDD 2TB Pro', '1770276018', 'Prémium minőségű Trust portable hdd 2tb, adattárolók kategóriában. Megbízható választás professzionális használatra.', 6, 1, '2026-02-05 08:19:57', '2026-02-05 08:19:57'),
(206, 'Bose USB Wi-Fi adapter Black Edition', '1770276019', 'Prémium minőségű Bose usb wi-fi adapter, hálózati eszközök kategóriában. Megbízható választás professzionális használatra.', 7, 1, '2026-02-05 08:19:57', '2026-02-05 08:19:57'),
(207, 'Razer Mesh WiFi rendszer Ultra', '1770276020', 'Prémium minőségű Razer mesh wifi rendszer, hálózati eszközök kategóriában. Megbízható választás professzionális használatra.', 7, 1, '2026-02-05 08:19:57', '2026-02-05 08:19:57'),
(208, 'Dell Vezérlő töltő Pro', '1770276021', 'Prémium minőségű Dell vezérlő töltő, gaming tartozékok kategóriában. Megbízható választás professzionális használatra.', 4, 1, '2026-02-05 08:19:57', '2026-02-05 08:19:57'),
(209, 'Razer Monitor kar', '1770276022', 'Prémium minőségű Razer monitor kar, monitor tartozékok kategóriában. Megbízható választás professzionális használatra.', 14, 1, '2026-02-05 08:19:57', '2026-02-05 08:19:57'),
(210, 'Logitech Gaming headset 7.1 2024', '1770276023', 'Prémium minőségű Logitech gaming headset 7.1, gaming tartozékok kategóriában. Megbízható választás professzionális használatra.', 4, 1, '2026-02-05 08:19:57', '2026-02-05 08:19:57'),
(211, 'HyperX Wi-Fi 6 router Black Edition', '1770276024', 'Prémium minőségű HyperX wi-fi 6 router, hálózati eszközök kategóriában. Megbízható választás professzionális használatra.', 7, 1, '2026-02-05 08:19:57', '2026-02-05 08:19:57'),
(212, 'Logitech Webkamera 4K', '1770276025', 'Prémium minőségű Logitech webkamera 4k, számítógép kiegészítők kategóriában. Megbízható választás professzionális használatra.', 2, 1, '2026-02-05 08:19:57', '2026-02-05 08:19:57'),
(213, 'Sennheiser Range extender Elite', '1770276026', 'Prémium minőségű Sennheiser range extender, hálózati eszközök kategóriában. Megbízható választás professzionális használatra.', 7, 1, '2026-02-05 08:19:57', '2026-02-05 08:19:57'),
(214, 'Xiaomi Dokumentum szkenner Pro', '1770276027', 'Prémium minőségű Xiaomi dokumentum szkenner, irodai kiegészítők kategóriában. Megbízható választás professzionális használatra.', 8, 1, '2026-02-05 08:19:57', '2026-02-05 08:19:57'),
(215, 'HyperX Digitális jegyzettömb Plus', '1770276028', 'Prémium minőségű HyperX digitális jegyzettömb, új technológia kategóriában. Megbízható választás professzionális használatra.', 22, 1, '2026-02-05 08:19:57', '2026-02-05 08:19:57'),
(216, 'Seagate Bluetooth fejhallgató', '1770276029', 'Prémium minőségű Seagate bluetooth fejhallgató, audio eszközök kategóriában. Megbízható választás professzionális használatra.', 9, 1, '2026-02-05 08:19:57', '2026-02-05 08:19:57'),
(217, 'Sennheiser Védő takaró Elite', '1770276030', 'Prémium minőségű Sennheiser védő takaró, monitor tartozékok kategóriában. Megbízható választás professzionális használatra.', 14, 1, '2026-02-05 08:19:57', '2026-02-05 08:19:57'),
(218, 'Ugreen USB elosztó 7-port Gen 3', '1770276031', 'Prémium minőségű Ugreen usb elosztó 7-port, számítógép kiegészítők kategóriában. Megbízható választás professzionális használatra.', 2, 1, '2026-02-05 08:19:57', '2026-02-05 08:19:57'),
(219, 'Apple Golyóstoll készlet Elite', '1770276032', 'Prémium minőségű Apple golyóstoll készlet, irodai kiegészítők kategóriában. Megbízható választás professzionális használatra.', 8, 1, '2026-02-05 08:19:57', '2026-02-05 08:19:57'),
(220, 'MSI SDXC Pro 256GB Pro', '1770276033', 'Prémium minőségű MSI sdxc pro 256gb, adattárolók kategóriában. Megbízható választás professzionális használatra.', 6, 1, '2026-02-05 08:19:57', '2026-02-05 08:19:57'),
(221, 'Kingston VR Szemüveg kiegészítő Gen 3', '1770276034', 'Prémium minőségű Kingston vr szemüveg kiegészítő, új technológia kategóriában. Megbízható választás professzionális használatra.', 22, 1, '2026-02-05 08:19:57', '2026-02-05 08:19:57'),
(222, 'AMD Védő takaró Black Edition', '1770276035', 'Prémium minőségű AMD védő takaró, monitor tartozékok kategóriában. Megbízható választás professzionális használatra.', 14, 1, '2026-02-05 08:19:57', '2026-02-05 08:19:57'),
(223, 'LG Hordozható napelem panel Pro', '1770276036', 'Prémium minőségű LG hordozható napelem panel, új technológia kategóriában. Megbízható választás professzionális használatra.', 22, 1, '2026-02-05 08:19:57', '2026-02-05 08:19:57'),
(224, 'HP Kalibráló eszköz Plus', '1770276037', 'Prémium minőségű HP kalibráló eszköz, monitor tartozékok kategóriában. Megbízható választás professzionális használatra.', 14, 1, '2026-02-05 08:19:57', '2026-02-05 08:19:57'),
(225, 'AMD Bluetooth fejhallgató Ultra', '1770276038', 'Prémium minőségű AMD bluetooth fejhallgató, audio eszközök kategóriában. Megbízható választás professzionális használatra.', 9, 1, '2026-02-05 08:19:57', '2026-02-05 08:19:57'),
(226, 'HP Gaming headset 7.1 V2', '1770276039', 'Prémium minőségű HP gaming headset 7.1, gaming tartozékok kategóriában. Megbízható választás professzionális használatra.', 4, 1, '2026-02-05 08:19:57', '2026-02-05 08:19:57'),
(227, 'Kingston USB elosztó 7-port', '1770276040', 'Prémium minőségű Kingston usb elosztó 7-port, számítógép kiegészítők kategóriában. Megbízható választás professzionális használatra.', 2, 1, '2026-02-05 08:19:57', '2026-02-05 08:19:57'),
(228, 'Razer Portable HDD 2TB Max', '1770276041', 'Prémium minőségű Razer portable hdd 2tb, adattárolók kategóriában. Megbízható választás professzionális használatra.', 6, 1, '2026-02-05 08:19:57', '2026-02-05 08:19:57'),
(229, 'Intel AI Gyorsító modul Black Edition', '1770276042', 'Prémium minőségű Intel ai gyorsító modul, új technológia kategóriában. Megbízható választás professzionális használatra.', 22, 1, '2026-02-05 08:19:57', '2026-02-05 08:19:57'),
(230, 'Logitech Gateway hub Elite', '1770276043', 'Prémium minőségű Logitech gateway hub, okosotthon eszközök kategóriában. Megbízható választás professzionális használatra.', 17, 1, '2026-02-05 08:19:57', '2026-02-05 08:19:57'),
(231, 'MSI Szilikon tok Gen 3', '1770276044', 'Prémium minőségű MSI szilikon tok, mobil kiegészítők kategóriában. Megbízható választás professzionális használatra.', 3, 1, '2026-02-05 08:19:57', '2026-02-05 08:19:57'),
(232, 'Razer Védő takaró', '1770276045', 'Prémium minőségű Razer védő takaró, monitor tartozékok kategóriában. Megbízható választás professzionális használatra.', 14, 1, '2026-02-05 08:19:57', '2026-02-05 08:19:57'),
(233, 'Baseus Ethernet Cat7 kábel 5m V2', '1770276046', 'Prémium minőségű Baseus ethernet cat7 kábel 5m, kábelek és csatlakozók kategóriában. Megbízható választás professzionális használatra.', 1, 1, '2026-02-05 08:19:57', '2026-02-05 08:19:57'),
(234, 'Apple Ergonomikus billentyűzet Elite', '1770276047', 'Prémium minőségű Apple ergonomikus billentyűzet, számítógép kiegészítők kategóriában. Megbízható választás professzionális használatra.', 2, 1, '2026-02-05 08:19:57', '2026-02-05 08:19:57'),
(235, 'Lenovo Vízszivárgás érzékelő 2024', '1770276048', 'Prémium minőségű Lenovo vízszivárgás érzékelő, okosotthon eszközök kategóriában. Megbízható választás professzionális használatra.', 17, 1, '2026-02-05 08:19:57', '2026-02-05 08:19:57'),
(236, 'LG Kalibráló eszköz', '1770276049', 'Prémium minőségű LG kalibráló eszköz, monitor tartozékok kategóriában. Megbízható választás professzionális használatra.', 14, 1, '2026-02-05 08:19:57', '2026-02-05 08:19:57'),
(237, 'Seagate Vízszivárgás érzékelő Ultra', '1770276050', 'Prémium minőségű Seagate vízszivárgás érzékelő, okosotthon eszközök kategóriában. Megbízható választás professzionális használatra.', 17, 1, '2026-02-05 08:19:57', '2026-02-05 08:19:57'),
(238, 'Hama PoE injektor Plus', '1770276051', 'Prémium minőségű Hama poe injektor, hálózati eszközök kategóriában. Megbízható választás professzionális használatra.', 7, 1, '2026-02-05 08:19:57', '2026-02-05 08:19:57'),
(239, 'Gigabyte Powerbank 20000mAh Gen 3', '1770276052', 'Prémium minőségű Gigabyte powerbank 20000mah, mobil kiegészítők kategóriában. Megbízható választás professzionális használatra.', 3, 1, '2026-02-05 08:19:57', '2026-02-05 08:19:57'),
(240, 'Corsair Hőmérséklet szenzor Black Edition', '1770276053', 'Prémium minőségű Corsair hőmérséklet szenzor, okosotthon eszközök kategóriában. Megbízható választás professzionális használatra.', 17, 1, '2026-02-05 08:19:57', '2026-02-05 08:19:57'),
(241, 'Apple Monitor kar Max', '1770276054', 'Prémium minőségű Apple monitor kar, monitor tartozékok kategóriában. Megbízható választás professzionális használatra.', 14, 1, '2026-02-05 08:19:57', '2026-02-05 08:19:57'),
(242, 'Trust DisplayPort 1.4 kábel', '1770276055', 'Prémium minőségű Trust displayport 1.4 kábel, kábelek és csatlakozók kategóriában. Megbízható választás professzionális használatra.', 1, 1, '2026-02-05 08:19:57', '2026-02-05 08:19:57'),
(243, 'Keychron Golyóstoll készlet Pro', '1770276056', 'Prémium minőségű Keychron golyóstoll készlet, irodai kiegészítők kategóriában. Megbízható választás professzionális használatra.', 8, 1, '2026-02-05 08:19:57', '2026-02-05 08:19:57'),
(244, 'MSI Kalibráló eszköz Elite', '1770276057', 'Prémium minőségű MSI kalibráló eszköz, monitor tartozékok kategóriában. Megbízható választás professzionális használatra.', 14, 1, '2026-02-05 08:19:57', '2026-02-05 08:19:57'),
(245, 'Xiaomi Szilikon tok 2024', '1770276058', 'Prémium minőségű Xiaomi szilikon tok, mobil kiegészítők kategóriában. Megbízható választás professzionális használatra.', 3, 1, '2026-02-05 08:19:57', '2026-02-05 08:19:57'),
(246, 'SteelSeries Mikrofon állvány V2', '1770276059', 'Prémium minőségű SteelSeries mikrofon állvány, audio eszközök kategóriában. Megbízható választás professzionális használatra.', 9, 1, '2026-02-05 08:19:57', '2026-02-05 08:19:57'),
(247, 'Lenovo Webkamera 4K Elite', '1770276060', 'Prémium minőségű Lenovo webkamera 4k, számítógép kiegészítők kategóriában. Megbízható választás professzionális használatra.', 2, 1, '2026-02-05 08:19:57', '2026-02-05 08:19:57'),
(248, 'Samsung Mozgásérzékelő Plus', '1770276061', 'Prémium minőségű Samsung mozgásérzékelő, okosotthon eszközök kategóriában. Megbízható választás professzionális használatra.', 17, 1, '2026-02-05 08:19:57', '2026-02-05 08:19:57'),
(249, 'Keychron Mesh WiFi rendszer Pro', '1770276062', 'Prémium minőségű Keychron mesh wifi rendszer, hálázati eszközök kategóriában. Megbízható választás professzionális használatra.', 7, 1, '2026-02-05 08:19:57', '2026-02-05 08:19:57'),
(250, 'HyperX Tisztító spray Ultra', '1770276063', 'Prémium minőségű HyperX tisztító spray, monitor tartozékok kategóriában. Megbízható választás professzionális használatra.', 14, 1, '2026-02-05 08:19:57', '2026-02-05 08:19:57'),
(251, 'Gigabyte Üvegfólia Gen 3', '1770276064', 'Prémium minőségű Gigabyte üvegfólia, mobil kiegészítők kategóriában. Megbízható választás professzionális használatra.', 3, 1, '2026-02-05 08:19:57', '2026-02-05 08:19:57'),
(252, 'Logitech Dokumentum szkenner 2024', '1770276065', 'Prémium minőségű Logitech dokumentum szkenner, irodai kiegészítők kategóriában. Megbízható választás professzionális használatra.', 8, 1, '2026-02-05 08:19:57', '2026-02-05 08:19:57'),
(253, 'Intel Vízszivárgás érzékelő Black Edition', '1770276066', 'Prémium minőségű Intel vízszivárgás érzékelő, okosotthon eszközök kategóriában. Megbízható választás professzionális használatra.', 17, 1, '2026-02-05 08:19:57', '2026-02-05 08:19:57'),
(254, 'Dell Védő takaró Black Edition', '1770276067', 'Prémium minőségű Dell védő takaró, monitor tartozékok kategóriában. Megbízható választás professzionális használatra.', 14, 1, '2026-02-05 08:19:57', '2026-02-05 08:19:57'),
(255, 'Trust Szilikon tok Black Edition', '1770276068', 'Prémium minőségű Trust szilikon tok, mobil kiegészítők kategóriában. Megbízható választás professzionális használatra.', 3, 1, '2026-02-05 08:19:57', '2026-02-05 08:19:57'),
(256, 'Xiaomi USB elosztó 7-port 2024', '1770276069', 'Prémium minőségű Xiaomi usb elosztó 7-port, számítógép kiegészítők kategóriában. Megbízható választás professzionális használatra.', 2, 1, '2026-02-05 08:19:57', '2026-02-05 08:19:57'),
(257, 'Philips VR Szemüveg kiegészítő Black Edition', '1770276070', 'Prémium minőségű Philips vr szemüveg kiegészítő, új technológia kategóriában. Megbízható választás professzionális használatra.', 22, 1, '2026-02-05 08:19:57', '2026-02-05 08:19:57'),
(258, 'LG NVMe SSD 1TB Pro', '1770276071', 'Prémium minőségű LG nvme ssd 1tb, adattárolók kategóriában. Megbízható választás professzionális használatra.', 6, 1, '2026-02-05 08:19:57', '2026-02-05 08:19:57'),
(259, 'Samsung Mechanikus billentyűzet 2024', '1770276072', 'Prémium minőségű Samsung mechanikus billentyűzet, gaming tartozékok kategóriában. Megbízható választás professzionális használatra.', 4, 1, '2026-02-05 08:19:57', '2026-02-05 08:19:57'),
(260, 'Samsung Selfie bot Gen 3', '1770276073', 'Prémium minőségű Samsung selfie bot, mobil kiegészítők kategóriában. Megbízható választás professzionális használatra.', 3, 1, '2026-02-05 08:19:57', '2026-02-05 08:19:57'),
(261, 'Razer Portable HDD 2TB 2024', '1770276074', 'Prémium minőségű Razer portable hdd 2tb, adattárolók kategóriában. Megbízható választás professzionális használatra.', 6, 1, '2026-02-05 08:19:57', '2026-02-05 08:19:57'),
(262, 'Anker Digitális jegyzettömb', '1770276075', 'Prémium minőségű Anker digitális jegyzettömb, új technológia kategóriában. Megbízható választás professzionális használatra.', 22, 1, '2026-02-05 08:19:57', '2026-02-05 08:19:57'),
(263, 'Samsung Gateway hub Elite', '1770276076', 'Prémium minőségű Samsung gateway hub, okosotthon eszközök kategóriában. Megbízható választás professzionális használatra.', 17, 1, '2026-02-05 08:19:57', '2026-02-05 08:19:57'),
(264, 'Razer Mágneses autós tartó Pro', '1770276077', 'Prémium minőségű Razer mágneses autós tartó, mobil kiegészítők kategóriában. Megbízható választás professzionális használatra.', 3, 1, '2026-02-05 08:19:57', '2026-02-05 08:19:57'),
(265, 'Dell Range extender 2024', '1770276078', 'Prémium minőségű Dell range extender, hálózati eszközök kategóriában. Megbízható választás professzionális használatra.', 7, 1, '2026-02-05 08:19:57', '2026-02-05 08:19:57'),
(266, 'HyperX Aktív hangfal Elite', '1770276079', 'Prémium minőségű HyperX aktív hangfal, audio eszközök kategóriában. Megbízható választás professzionális használatra.', 9, 1, '2026-02-05 08:19:57', '2026-02-05 08:19:57'),
(267, 'Sony Ergonomikus billentyűzet V2', '1770276080', 'Prémium minőségű Sony ergonomikus billentyűzet, számítógép kiegészítők kategóriában. Megbízható választás professzionális használatra.', 2, 1, '2026-02-05 08:19:57', '2026-02-05 08:19:57'),
(268, 'Kingston Portable HDD 2TB Plus', '1770276081', 'Prémium minőségű Kingston portable hdd 2tb, adattárolók kategóriában. Megbízható választás professzionális használatra.', 6, 1, '2026-02-05 08:19:57', '2026-02-05 08:19:57'),
(269, 'Dell Dokumentum szkenner Elite', '1770276082', 'Prémium minőségű Dell dokumentum szkenner, irodai kiegészítők kategóriában. Megbízható választás professzionális használatra.', 8, 1, '2026-02-05 08:19:57', '2026-02-05 08:19:57'),
(270, 'Razer Ethernet Cat7 kábel 5m Ultra', '1770276083', 'Prémium minőségű Razer ethernet cat7 kábel 5m, kábelek és csatlakozók kategóriában. Megbízható választás professzionális használatra.', 1, 1, '2026-02-05 08:19:57', '2026-02-05 08:19:57'),
(271, 'Bose Mesh WiFi rendszer Max', '1770276084', 'Prémium minőségű Bose mesh wifi rendszer, hálózati eszközök kategóriában. Megbízható választás professzionális használatra.', 7, 1, '2026-02-05 08:19:57', '2026-02-05 08:19:57'),
(272, 'Xiaomi Tisztító spray 2024', '1770276085', 'Prémium minőségű Xiaomi tisztító spray, monitor tartozékok kategóriában. Megbízható választás professzionális használatra.', 14, 1, '2026-02-05 08:19:57', '2026-02-05 08:19:57'),
(273, 'Asus VGA-HDMI átalakító Ultra', '1770276086', 'Prémium minőségű Asus vga-hdmi átalakító, kábelek és csatlakozók kategóriában. Megbízható választás professzionális használatra.', 1, 1, '2026-02-05 08:19:57', '2026-02-05 08:19:57'),
(274, 'Lenovo Mesh WiFi rendszer Ultra', '1770276087', 'Prémium minőségű Lenovo mesh wifi rendszer, hálózati eszközök kategóriában. Megbízható választás professzionális használatra.', 7, 1, '2026-02-05 08:19:57', '2026-02-05 08:19:57'),
(275, 'Seagate Kalibráló eszköz', '1770276088', 'Prémium minőségű Seagate kalibráló eszköz, monitor tartozékok kategóriában. Megbízható választás professzionális használatra.', 14, 1, '2026-02-05 08:19:57', '2026-02-05 08:19:57'),
(276, 'Kingston Tisztító készlet Plus', '1770276089', 'Prémium minőségű Kingston tisztító készlet, számítógép kiegészítők kategóriában. Megbízható választás professzionális használatra.', 2, 1, '2026-02-05 08:19:57', '2026-02-05 08:19:57'),
(277, 'Ugreen Kalibráló eszköz Elite', '1770276090', 'Prémium minőségű Ugreen kalibráló eszköz, monitor tartozékok kategóriában. Megbízható választás professzionális használatra.', 14, 1, '2026-02-05 08:19:57', '2026-02-05 08:19:57'),
(278, 'Kingston Vezérlő töltő V2', '1770276091', 'Prémium minőségű Kingston vezérlő töltő, gaming tartozékok kategóriában. Megbízható választás professzionális használatra.', 4, 1, '2026-02-05 08:19:57', '2026-02-05 08:19:57'),
(279, 'Intel Webkamera 4K Gen 3', '1770276092', 'Prémium minőségű Intel webkamera 4k, számítógép kiegészítők kategóriában. Megbízható választás professzionális használatra.', 2, 1, '2026-02-05 08:19:57', '2026-02-05 08:19:57'),
(280, 'Baseus USB-C to Lightning kábel 2024', '1770276093', 'Prémium minőségű Baseus usb-c to lightning kábel, kábelek és csatlakozók kategóriában. Megbízható választás professzionális használatra.', 1, 1, '2026-02-05 08:19:57', '2026-02-05 08:19:57'),
(281, 'Corsair Okos zár Gen 3', '1770276094', 'Prémium minőségű Corsair okos zár, okosotthon eszközök kategóriában. Megbízható választás professzionális használatra.', 17, 1, '2026-02-05 08:19:57', '2026-02-05 08:19:57'),
(282, 'TP-Link Asztali lámpa LED Gen 3', '1770276095', 'Prémium minőségű TP-Link asztali lámpa led, irodai kiegészítők kategóriában. Megbízható választás professzionális használatra.', 8, 1, '2026-02-05 08:19:57', '2026-02-05 08:19:57'),
(283, 'Gigabyte Ethernet Cat7 kábel 5m Max', '1770276096', 'Prémium minőségű Gigabyte ethernet cat7 kábel 5m, kábelek és csatlakozók kategóriában. Megbízható választás professzionális használatra.', 1, 1, '2026-02-05 08:19:57', '2026-02-05 08:19:57'),
(284, 'Keychron Vezérlő töltő Plus', '1770276097', 'Prémium minőségű Keychron vezérlő töltő, gaming tartozékok kategóriában. Megbízható választás professzionális használatra.', 4, 1, '2026-02-05 08:19:57', '2026-02-05 08:19:57'),
(285, 'Baseus USB elosztó 7-port Gen 3', '1770276098', 'Prémium minőségű Baseus usb elosztó 7-port, számítógép kiegészítők kategóriában. Megbízható választás professzionális használatra.', 2, 1, '2026-02-05 08:19:57', '2026-02-05 08:19:57'),
(286, 'TP-Link Hordozható napelem panel Pro', '1770276099', 'Prémium minőségű TP-Link hordozható napelem panel, új technológia kategóriában. Megbízható választás professzionális használatra.', 22, 1, '2026-02-05 08:19:57', '2026-02-05 08:19:57'),
(287, 'Hama Mesh WiFi rendszer Plus', '1770276100', 'Prémium minőségű Hama mesh wifi rendszer, hálózati eszközök kategóriában. Megbízható választás professzionális használatra.', 7, 1, '2026-02-05 08:19:57', '2026-02-05 08:19:57'),
(288, 'Lenovo Hőmérséklet szenzor Pro', '1770276101', 'Prémium minőségű Lenovo hőmérséklet szenzor, okosotthon eszközök kategóriában. Megbízható választás professzionális használatra.', 17, 1, '2026-02-05 08:19:57', '2026-02-05 08:19:57'),
(289, 'Asus HDMI 2.1 kábel 2m Elite', '1770276102', 'Prémium minőségű Asus hdmi 2.1 kábel 2m, kábelek és csatlakozók kategóriában. Megbízható választás professzionális használatra.', 1, 1, '2026-02-05 08:19:57', '2026-02-05 08:19:57'),
(290, 'TP-Link Webkamera 4K Ultra', '1770276103', 'Prémium minőségű TP-Link webkamera 4k, számítógép kiegészítők kategóriában. Megbízható választás professzionális használatra.', 2, 1, '2026-02-05 08:19:57', '2026-02-05 08:19:57'),
(291, 'Keychron Vízszivárgás érzékelő', '1770276104', 'Prémium minőségű Keychron vízszivárgás érzékelő, okosotthon eszközök kategóriában. Megbízható választás professzionális használatra.', 17, 1, '2026-02-05 08:19:57', '2026-02-05 08:19:57'),
(292, 'AMD Powerbank 20000mAh Elite', '1770276105', 'Prémium minőségű AMD powerbank 20000mah, mobil kiegészítők kategóriában. Megbízható választás professzionális használatra.', 3, 1, '2026-02-05 08:19:57', '2026-02-05 08:19:57'),
(293, 'Logitech Hálózati switch Max', '1770276106', 'Prémium minőségű Logitech hálózati switch, hálózati eszközök kategóriában. Megbízható választás professzionális használatra.', 7, 1, '2026-02-05 08:19:57', '2026-02-05 08:19:57'),
(294, 'Kingston Védő takaró Ultra', '1770276107', 'Prémium minőségű Kingston védő takaró, monitor tartozékok kategóriában. Megbízható választás professzionális használatra.', 14, 1, '2026-02-05 08:19:57', '2026-02-05 08:19:57'),
(295, 'Asus Védő takaró Pro', '1770276108', 'Prémium minőségű Asus védő takaró, monitor tartozékok kategóriában. Megbízható választás professzionális használatra.', 14, 1, '2026-02-05 08:19:57', '2026-02-05 08:19:57'),
(296, 'Lenovo Okos konnektor Gen 3', '1770276109', 'Prémium minőségű Lenovo okos konnektor, okosotthon eszközök kategóriában. Megbízható választás professzionális használatra.', 17, 1, '2026-02-05 08:19:57', '2026-02-05 08:19:57'),
(297, 'Dell Monitor állvány Max', '1770276110', 'Prémium minőségű Dell monitor állvány, monitor tartozékok kategóriában. Megbízható választás professzionális használatra.', 14, 1, '2026-02-05 08:19:57', '2026-02-05 08:19:57'),
(298, 'HyperX Tisztító spray Black Edition', '1770276111', 'Prémium minőségű HyperX tisztító spray, monitor tartozékok kategóriában. Megbízható választás professzionális használatra.', 14, 1, '2026-02-05 08:19:57', '2026-02-05 08:19:57'),
(299, 'Corsair Hordozható hangszóró Max', '1770276112', 'Prémium minőségű Corsair hordozható hangszóró, audio eszközök kategóriában. Megbízható választás professzionális használatra.', 9, 1, '2026-02-05 08:19:57', '2026-02-05 08:19:57'),
(300, 'SteelSeries Gaming headset 7.1 Plus', '1770276113', 'Prémium minőségű SteelSeries gaming headset 7.1, gaming tartozékok kategóriában. Megbízható választás professzionális használatra.', 4, 1, '2026-02-05 08:19:57', '2026-02-05 08:19:57'),
(301, 'Dell Asztali lámpa LED Gen 3', '1770276114', 'Prémium minőségű Dell asztali lámpa led, irodai kiegészítők kategóriában. Megbízható választás professzionális használatra.', 8, 1, '2026-02-05 08:19:57', '2026-02-05 08:19:57'),
(302, 'Bose Monitor állvány V2', '1770276115', 'Prémium minőségű Bose monitor állvány, monitor tartozékok kategóriában. Megbízható választás professzionális használatra.', 14, 1, '2026-02-05 08:19:57', '2026-02-05 08:19:57'),
(303, 'MSI Laptop hűtőpad Gen 3', '1770276116', 'Prémium minőségű MSI laptop hűtőpad, számítógép kiegészítők kategóriában. Megbízható választás professzionális használatra.', 2, 1, '2026-02-05 08:19:57', '2026-02-05 08:19:57'),
(304, 'Dell AI Gyorsító modul V2', '1770276117', 'Prémium minőségű Dell ai gyorsító modul, új technológia kategóriában. Megbízható választás professzionális használatra.', 22, 1, '2026-02-05 08:19:57', '2026-02-05 08:19:57'),
(305, 'Intel Laminálógép A4 Ultra', '1770276118', 'Prémium minőségű Intel laminálógép a4, irodai kiegészítők kategóriában. Megbízható választás professzionális használatra.', 8, 1, '2026-02-05 08:19:57', '2026-02-05 08:19:57'),
(306, 'Logitech Mikrofon állvány', '1770276119', 'Prémium minőségű Logitech mikrofon állvány, audio eszközök kategóriában. Megbízható választás professzionális használatra.', 9, 1, '2026-02-05 08:19:57', '2026-02-05 08:19:57'),
(307, 'Anker Kalibráló eszköz Black Edition', '1770276120', 'Prémium minőségű Anker kalibráló eszköz, monitor tartozékok kategóriában. Megbízható választás professzionális használatra.', 14, 1, '2026-02-05 08:19:57', '2026-02-05 08:19:57'),
(308, 'Stereo hangszóró', '1770292134', 'Blalalalallalaall geci jo a ztene xddddd', 4, 1, '2026-02-05 12:48:54', '2026-02-05 12:48:54'),
(309, 'LED asztali lámpa', '1770292294', 'Blalalalallalaall geci jo a asddassadasdasddsadassd', 23, 1, '2026-02-05 12:51:34', '2026-02-05 12:51:34'),
(310, 'Téli gumi 29-es', '1770292378', 'Blalatllllllllllsdaaaaa TÉÉÉÉÉÉÉÉÉÉÉÉL HIDEG VANA AHAHAHHAHHHHHHHHHHHHHHHH', 23, 1, '2026-02-05 12:52:58', '2026-02-05 12:52:58'),
(410, 'Gamer Egér', '1770381155', 'RGB világítással', 2, 1, '2026-02-06 13:32:33', '2026-02-06 13:32:33'),
(411, 'HDMI Kábel 1.5m', '1770381156', 'Aranyozott csatlakozó', 1, 1, '2026-02-06 13:32:33', '2026-02-06 13:32:33'),
(412, 'SSD Meghajtó 1TB', '1770381157', 'Nagy sebességű tároló', 6, 1, '2026-02-06 13:32:33', '2026-02-06 13:32:33'),
(413, 'USB-C Töltőkábel 2m', '1770381159', 'Gyorstöltés támogatás', 1, 1, '2026-02-06 13:32:33', '2026-02-06 13:32:33'),
(414, 'Monitor Állvány', '1770381160', 'Állítható magasság', 8, 1, '2026-02-06 13:32:33', '2026-02-06 13:32:33'),
(415, 'Webkamera 1080p', '1770381162', 'Beépített mikrofonnal', 2, 1, '2026-02-06 13:32:33', '2026-02-06 13:32:33'),
(416, 'Okos Izzó E27', '1770381163', 'Telefonos vezérlés', 17, 1, '2026-02-06 13:32:33', '2026-02-06 13:32:33'),
(417, 'UTP Patch Kábel 10m', '1770381164', 'CAT6 szabvány', 1, 1, '2026-02-06 13:32:33', '2026-02-06 13:32:33'),
(418, 'Vezeték nélküli Billentyűzet', '1770381165', 'Multimédiás gombokkal', 2, 1, '2026-02-06 13:32:33', '2026-02-06 13:32:33'),
(419, 'Laptop Táska 15.6\"', '1770381166', 'Vízlepergető anyag', 12, 1, '2026-02-06 13:32:33', '2026-02-06 13:32:33'),
(420, 'SSD Meghajtó 500GB', '1770381167', 'SATA3 csatlakozás', 6, 1, '2026-02-06 13:32:33', '2026-02-06 13:32:33'),
(421, 'Külső Merevlemez 2TB', '1770381168', 'Ütésálló házban', 6, 1, '2026-02-06 13:32:33', '2026-02-06 13:32:33'),
(422, 'Irodai Szék', '1770381169', 'Ergonomikus deréktámasz', 8, 1, '2026-02-06 13:32:33', '2026-02-06 13:32:33'),
(423, 'Okos Konnektor', '1770381170', 'Wi-Fi vezérléssel', 17, 1, '2026-02-06 13:32:33', '2026-02-06 13:32:33'),
(424, 'Switch 8 Port', '1770381171', 'Gigabit sebesség', 7, 1, '2026-02-06 13:32:33', '2026-02-06 13:32:33'),
(425, 'Micro SD Kártya 128GB', '1770381172', 'UHS-I sebességosztály', 6, 1, '2026-02-06 13:32:33', '2026-02-06 13:32:33'),
(426, 'Egérpad XL', '1770381173', 'Csúszásmentes talp', 4, 1, '2026-02-06 13:32:33', '2026-02-06 13:32:33'),
(427, 'AA Elem 4db', '1770381174', 'Tartós alkáli elem', 20, 1, '2026-02-06 13:32:33', '2026-02-06 13:32:33'),
(428, 'Earbuds Fülhallgató', '1770381175', 'Töltőtokkal', 9, 1, '2026-02-06 13:32:33', '2026-02-06 13:32:33'),
(429, 'Gamer Fejhallgató', '1770381176', '7.1 térhangzás', 4, 1, '2026-02-06 13:32:33', '2026-02-06 13:32:33'),
(430, 'USB Hub 4 Port', '1770381177', 'USB 3.0 sebesség', 2, 1, '2026-02-06 13:32:33', '2026-02-06 13:32:33'),
(431, 'Jack-Jack Audio Kábel', '1770381178', 'Sztereó hangátvitel', 1, 1, '2026-02-06 13:32:33', '2026-02-06 13:32:33'),
(432, 'Tablet Tok Univerzális', '1770381179', 'Mágneses zárral', 16, 1, '2026-02-06 13:32:33', '2026-02-06 13:32:33'),
(433, 'Okos Kapucsengő', '1770381180', 'Kamerával és Wi-Fi-vel', 17, 1, '2026-02-06 13:32:33', '2026-02-06 13:32:33'),
(434, 'UTP Patch Kábel 5m', '1770381181', 'Kék színben', 1, 1, '2026-02-06 13:32:33', '2026-02-06 13:32:33'),
(435, 'Projektor Vászon', '1770381182', 'Falra szerelhető', 8, 1, '2026-02-06 13:32:33', '2026-02-06 13:32:33'),
(436, 'Szünetmentes Tápegység', '1770381183', 'Otthoni irodai használat', 20, 1, '2026-02-06 13:32:33', '2026-02-06 13:32:33'),
(437, 'Vezeték nélküli Egér', '1770381184', 'Kompakt méret', 2, 1, '2026-02-06 13:32:33', '2026-02-06 13:32:33'),
(438, 'Bluetooth Adapter USB', '1770381185', 'PC és Laptophoz', 2, 1, '2026-02-06 13:32:33', '2026-02-06 13:32:33'),
(439, 'Wi-Fi Jelismétlő', '1770381186', 'Könnyű beállítás', 7, 1, '2026-02-06 13:32:33', '2026-02-06 13:32:33'),
(440, 'Külső SSD 500GB', '1770381187', 'Rázkódásmentes kivitel', 6, 1, '2026-02-06 13:32:33', '2026-02-06 13:32:33'),
(441, 'Mikrofon Állvány', '1770381188', 'Asztalhoz rögzíthető', 9, 1, '2026-02-06 13:32:33', '2026-02-06 13:32:33'),
(442, 'IP Kamera Beltéri', '1770381189', 'Éjjellátó funkcióval', 18, 1, '2026-02-06 13:32:33', '2026-02-06 13:32:33'),
(443, 'USB-C Dokkoló', '1770381190', 'HDMI és Ethernet port', 12, 1, '2026-02-06 13:32:33', '2026-02-06 13:32:33'),
(444, 'Pendrive 128GB', '1770381191', 'Nagy sebességű adatátvitel', 6, 1, '2026-02-06 13:32:33', '2026-02-06 13:32:33'),
(445, 'Hálózati Elosztó 5-ös', '1770381192', 'Kapcsolóval ellátva', 20, 1, '2026-02-06 13:32:33', '2026-02-06 13:32:33'),
(446, 'Sűrített Levegő Spray', '1770381193', 'Tisztításhoz', 20, 1, '2026-02-06 13:32:33', '2026-02-06 13:32:33'),
(447, 'SSD Meghajtó 250GB', '1770381194', 'Kiváló ár-érték arány', 6, 1, '2026-02-06 13:32:33', '2026-02-06 13:32:33'),
(448, 'HDMI Kábel 5m', '1770381196', '4K felbontás támogatás', 1, 1, '2026-02-06 13:32:33', '2026-02-06 13:32:33'),
(449, 'Laptop Hűtőpad', '1770381197', 'Csendes ventilátorral', 12, 1, '2026-02-06 13:32:33', '2026-02-06 13:32:33'),
(450, 'VGA Kábel 1.8m', '1770381199', 'Hagyományos monitorhoz', 1, 1, '2026-02-06 13:32:33', '2026-02-06 13:32:33'),
(451, 'Hálózati Elosztó 3-as', '1770381202', '2 év garanciával', 20, 1, '2026-02-06 13:32:33', '2026-02-06 13:32:33'),
(452, 'AAA Elem 4db', '1770381203', 'Hosszú élettartam', 20, 1, '2026-02-06 13:32:33', '2026-02-06 13:32:33');
INSERT INTO `products` (`ID`, `name`, `item_number`, `description`, `category_ID`, `active`, `created_at`, `updated_at`) VALUES
(453, 'HDMI Kábel 3m', '1770381272', '4K támogatással', 1, 1, '2026-02-06 13:34:30', '2026-02-06 13:34:30'),
(454, 'USB-C Töltőkábel 1m', '1770381276', 'Gyorstöltés támogatás', 1, 1, '2026-02-06 13:34:30', '2026-02-06 13:34:30'),
(455, 'Pendrive 64GB', '1770381280', 'USB 3.0 csatlakozó', 6, 1, '2026-02-06 13:34:30', '2026-02-06 13:34:30'),
(456, 'Külső Merevlemez 1TB', '1770381285', 'Ütésálló házban', 6, 1, '2026-02-06 13:34:30', '2026-02-06 13:34:30'),
(457, 'DisplayPort Kábel 2m', '1770381287', 'Prémium minőség', 1, 1, '2026-02-06 13:34:30', '2026-02-06 13:34:30'),
(458, 'Wi-Fi Router', '1770381289', 'Kétsávos gigabites', 7, 1, '2026-02-06 13:34:30', '2026-02-06 13:34:30'),
(459, 'Soundbar Hangrendszer', '1770381297', 'Bluetooth kapcsolattal', 9, 1, '2026-02-06 13:34:30', '2026-02-06 13:34:30'),
(460, 'Hordozható Projektor', '1770381298', 'Full HD felbontás', 30, 1, '2026-02-06 13:34:30', '2026-02-06 13:34:30'),
(461, 'Optikai Egér', '1770381301', 'Alap irodai használatra', 2, 1, '2026-02-06 13:34:30', '2026-02-06 13:34:30'),
(462, 'USB Hosszabbító 2m', '1770381309', 'Adatátvitelhez és töltéshez', 1, 1, '2026-02-06 13:34:30', '2026-02-06 13:34:30'),
(463, 'Hálózati Kábel (Táp)', '1770381313', 'Standard PC tápkábel', 1, 1, '2026-02-06 13:34:30', '2026-02-06 13:34:30'),
(464, 'LED Szalag 5m', '1770381315', 'Szabályozható fényerő', 31, 1, '2026-02-06 13:34:30', '2026-02-06 13:34:30'),
(465, 'Laptop Hátizsák', '1770381320', 'Vízálló anyagból', 32, 1, '2026-02-06 13:34:30', '2026-02-06 13:34:30'),
(466, 'Monitor Tisztító Spray', '1770381321', 'Antisztatikus hatás', 32, 1, '2026-02-06 13:34:30', '2026-02-06 13:34:30');

-- --------------------------------------------------------

--
-- Tábla szerkezet ehhez a táblához `transports`
--

CREATE TABLE `transports` (
  `ID` int(11) NOT NULL,
  `batch_id` varchar(50) DEFAULT NULL,
  `product_ID` int(11) NOT NULL,
  `warehouse_ID` int(11) NOT NULL,
  `type` enum('import','export') NOT NULL,
  `date` datetime NOT NULL DEFAULT current_timestamp(),
  `user_ID` int(11) NOT NULL,
  `description` text NOT NULL,
  `arriveIn` date DEFAULT NULL,
  `quantity` int(11) NOT NULL,
  `status` enum('pending','completed','canceled') DEFAULT 'pending'
) ENGINE=InnoDB DEFAULT CHARSET=utf8mb4 COLLATE=utf8mb4_general_ci;

--
-- A tábla adatainak kiíratása `transports`
--

INSERT INTO `transports` (`ID`, `batch_id`, `product_ID`, `warehouse_ID`, `type`, `date`, `user_ID`, `description`, `arriveIn`, `quantity`, `status`) VALUES
(1, 'TR-1770202838-7D32', 58, 22, 'export', '2026-02-04 12:00:38', 5, 'Kiszállítás cél: Raktár #31. (B épület AFS-242)', '2026-02-05', 10, 'completed'),
(2, 'TR-1770202838-7D32', 58, 31, 'import', '2026-02-04 12:00:38', 5, 'Beérkezés forrás: Raktár #22. (B épület AFS-242)', '2026-02-05', 10, 'completed'),
(3, 'TR-1770202838-7D32', 60, 22, 'export', '2026-02-04 12:00:38', 5, 'Kiszállítás cél: Raktár #31. (B épület AFS-242)', '2026-02-05', 1, 'completed'),
(4, 'TR-1770202838-7D32', 60, 31, 'import', '2026-02-04 12:00:38', 5, 'Beérkezés forrás: Raktár #22. (B épület AFS-242)', '2026-02-05', 1, 'completed'),
(5, 'TR-1770202901-1163', 52, 23, 'export', '2026-02-04 12:01:41', 5, 'Kiszállítás cél: Raktár #29. (weww)', '2026-02-04', 1, 'completed'),
(6, 'TR-1770202901-1163', 52, 29, 'import', '2026-02-04 12:01:41', 5, 'Beérkezés forrás: Raktár #23. (weww)', '2026-02-04', 1, 'completed'),
(7, 'TR-1770202901-1163', 51, 23, 'export', '2026-02-04 12:01:41', 5, 'Kiszállítás cél: Raktár #29. (weww)', '2026-02-04', 100, 'completed'),
(8, 'TR-1770202901-1163', 51, 29, 'import', '2026-02-04 12:01:41', 5, 'Beérkezés forrás: Raktár #23. (weww)', '2026-02-04', 100, 'completed'),
(9, 'TR-1770203033-E82B', 52, 23, 'export', '2026-02-04 12:03:53', 5, 'Kiszállítás cél: Raktár #31. (B épület AFS-2422)', '2026-02-05', 1, 'completed'),
(10, 'TR-1770203033-E82B', 52, 31, 'import', '2026-02-04 12:03:53', 5, 'Beérkezés forrás: Raktár #23. (B épület AFS-2422)', '2026-02-05', 1, 'completed'),
(11, 'TR-1770204013-C370', 43, 23, 'export', '2026-02-04 12:20:13', 5, 'Kiszállítás cél: Raktár #31. (B épület AFS-242)', '2026-02-04', 10, 'completed'),
(12, 'TR-1770204013-C370', 43, 31, 'import', '2026-02-04 12:20:13', 5, 'Beérkezés forrás: Raktár #23. (B épület AFS-242)', '2026-02-04', 10, 'completed'),
(13, 'TR-1770204013-C370', 54, 23, 'export', '2026-02-04 12:20:13', 5, 'Kiszállítás cél: Raktár #31. (B épület AFS-242)', '2026-02-04', 1, 'completed'),
(14, 'TR-1770204013-C370', 54, 31, 'import', '2026-02-04 12:20:13', 5, 'Beérkezés forrás: Raktár #23. (B épület AFS-242)', '2026-02-04', 1, 'completed'),
(15, 'TR-1770204586-93AC', 51, 23, 'export', '2026-02-04 12:29:46', 5, 'Kiszállítás cél: Raktár #31. (weww)', '2026-02-04', 10, 'completed'),
(16, 'TR-1770204586-93AC', 51, 31, 'import', '2026-02-04 12:29:46', 5, 'Beérkezés forrás: Raktár #23. (weww)', '2026-02-04', 10, 'completed'),
(17, 'TR-1770204586-93AC', 66, 23, 'export', '2026-02-04 12:29:46', 5, 'Kiszállítás cél: Raktár #31. (weww)', '2026-02-04', 10, 'completed'),
(18, 'TR-1770204586-93AC', 66, 31, 'import', '2026-02-04 12:29:46', 5, 'Beérkezés forrás: Raktár #23. (weww)', '2026-02-04', 10, 'completed'),
(19, 'TR-1770205309-24F4', 48, 23, 'export', '2026-02-04 12:41:49', 5, 'Kiszállítás cél: Raktár #27. (weww)', '2026-02-26', 1, 'completed'),
(20, 'TR-1770205309-24F4', 48, 27, 'import', '2026-02-04 12:41:49', 5, 'Beérkezés forrás: Raktár #23. (weww)', '2026-02-26', 1, 'pending'),
(21, 'TR-1770210974-35A9', 48, 23, 'export', '2026-02-04 14:16:14', 5, 'Kiszállítás cél: Raktár #31. (B épület AFS-2422)', '2026-02-04', 1, 'completed'),
(22, 'TR-1770210974-35A9', 48, 31, 'import', '2026-02-04 14:16:14', 5, 'Beérkezés forrás: Raktár #23. (B épület AFS-2422)', '2026-02-04', 1, 'completed'),
(23, 'TR-1770278804-3C49', 42, 23, 'export', '2026-02-05 09:06:44', 5, 'Kiszállítás cél: Raktár #22. (Várj, generálok egyetttt, na mit irjak meg ide, NA, aaana jojo jolesz, termek mentese, nem befejezes, nyomj egy tabot roland. Igen? pont. termék mentése, nyomd meg a gombot roland, hahahahahahahhaahah néázd add ide az egeret)', '2026-02-12', 2, 'completed'),
(24, 'TR-1770278804-3C49', 42, 22, 'import', '2026-02-05 09:06:44', 5, 'Beérkezés forrás: Raktár #23. (Várj, generálok egyetttt, na mit irjak meg ide, NA, aaana jojo jolesz, termek mentese, nem befejezes, nyomj egy tabot roland. Igen? pont. termék mentése, nyomd meg a gombot roland, hahahahahahahhaahah néázd add ide az egeret)', '2026-02-12', 2, 'completed'),
(25, 'TR-1770293999-F9B1', 42, 23, 'export', '2026-02-05 13:19:59', 12, 'Kiszállítás cél: Raktár #22. (Blalalalallalaall geci jo a asddassadasdasddsadassd)', '2026-02-05', 12, 'completed'),
(26, 'TR-1770293999-F9B1', 42, 22, 'import', '2026-02-05 13:19:59', 12, 'Beérkezés forrás: Raktár #23. (Blalalalallalaall geci jo a asddassadasdasddsadassd)', '2026-02-05', 12, 'pending'),
(27, 'TR-1770293999-F9B1', 99, 23, 'export', '2026-02-05 13:19:59', 12, 'Kiszállítás cél: Raktár #22. (Blalalalallalaall geci jo a asddassadasdasddsadassd)', '2026-02-05', 1, 'completed'),
(28, 'TR-1770293999-F9B1', 99, 22, 'import', '2026-02-05 13:19:59', 12, 'Beérkezés forrás: Raktár #23. (Blalalalallalaall geci jo a asddassadasdasddsadassd)', '2026-02-05', 1, 'pending'),
(29, 'TR-TEST-23582', 41, 21, 'import', '2025-12-16 13:37:32', 5, 'Automatikus teszt bevételezés', NULL, 15, 'completed'),
(30, 'TR-TEST-6263', 41, 21, 'import', '2025-12-18 13:37:32', 5, 'Automatikus teszt bevételezés', NULL, 14, 'completed'),
(31, 'TR-TEST-864352', 41, 21, 'import', '2025-11-07 13:37:32', 5, 'Automatikus teszt bevételezés', NULL, 23, 'completed'),
(32, 'TR-TEST-979082', 41, 21, 'import', '2026-01-29 13:37:32', 5, 'Automatikus teszt bevételezés', NULL, 13, 'completed'),
(33, 'TR-TEST-989053', 41, 21, 'import', '2025-12-06 13:37:32', 5, 'Automatikus teszt bevételezés', NULL, 7, 'completed'),
(34, 'TR-TEST-689084', 41, 21, 'import', '2026-01-24 13:37:32', 5, 'Automatikus teszt bevételezés', NULL, 16, 'completed'),
(35, 'TR-TEST-422336', 41, 21, 'import', '2025-12-24 13:37:32', 5, 'Automatikus teszt bevételezés', NULL, 22, 'completed'),
(36, 'TR-TEST-181611', 41, 21, 'import', '2026-01-14 13:37:32', 5, 'Automatikus teszt bevételezés', NULL, 16, 'completed'),
(37, 'TR-TEST-125811', 41, 21, 'import', '2025-11-02 13:37:32', 5, 'Automatikus teszt bevételezés', NULL, 13, 'completed'),
(38, 'TR-TEST-161407', 41, 21, 'import', '2025-12-09 13:37:32', 5, 'Automatikus teszt bevételezés', NULL, 14, 'completed'),
(39, 'TR-TEST-515725', 41, 21, 'import', '2026-01-15 13:37:32', 5, 'Automatikus teszt bevételezés', NULL, 15, 'completed'),
(40, 'TR-TEST-900063', 41, 21, 'import', '2025-10-30 13:37:32', 5, 'Automatikus teszt bevételezés', NULL, 9, 'completed'),
(41, 'TR-TEST-80513', 41, 21, 'import', '2025-11-19 13:37:32', 5, 'Automatikus teszt bevételezés', NULL, 19, 'completed'),
(42, 'TR-TEST-139334', 41, 21, 'import', '2025-12-08 13:37:32', 5, 'Automatikus teszt bevételezés', NULL, 16, 'completed'),
(43, 'TR-TEST-972943', 41, 21, 'import', '2026-01-15 13:37:32', 5, 'Automatikus teszt bevételezés', NULL, 7, 'completed'),
(44, 'TR-TEST-73435', 41, 21, 'import', '2025-11-03 13:37:32', 5, 'Automatikus teszt bevételezés', NULL, 14, 'completed'),
(45, 'TR-TEST-605373', 41, 21, 'import', '2025-12-11 13:37:32', 5, 'Automatikus teszt bevételezés', NULL, 5, 'completed'),
(46, 'TR-TEST-447146', 41, 21, 'import', '2026-01-22 13:37:32', 5, 'Automatikus teszt bevételezés', NULL, 12, 'completed'),
(47, 'TR-TEST-426634', 41, 21, 'import', '2026-02-03 13:37:32', 5, 'Automatikus teszt bevételezés', NULL, 21, 'completed'),
(48, 'TR-TEST-57773', 41, 21, 'import', '2025-11-16 13:37:32', 5, 'Automatikus teszt bevételezés', NULL, 23, 'completed'),
(49, 'TR-TEST-102772', 41, 21, 'import', '2025-11-19 13:37:32', 5, 'Automatikus teszt bevételezés', NULL, 17, 'completed'),
(50, 'TR-TEST-661951', 41, 21, 'import', '2025-12-17 13:37:32', 5, 'Automatikus teszt bevételezés', NULL, 15, 'completed'),
(51, 'TR-TEST-181220', 41, 21, 'import', '2026-01-08 13:37:32', 5, 'Automatikus teszt bevételezés', NULL, 22, 'completed'),
(52, 'TR-TEST-624934', 41, 21, 'import', '2025-12-24 13:37:32', 5, 'Automatikus teszt bevételezés', NULL, 10, 'completed'),
(53, 'TR-TEST-101842', 41, 21, 'import', '2025-11-30 13:37:32', 5, 'Automatikus teszt bevételezés', NULL, 6, 'completed'),
(60, 'TR-TEST-274162', 41, 21, 'export', '2026-01-17 13:37:32', 5, 'Automatikus teszt kiadás', NULL, 3, 'completed'),
(61, 'TR-TEST-183250', 41, 21, 'export', '2025-12-22 13:37:32', 5, 'Automatikus teszt kiadás', NULL, 11, 'completed'),
(62, 'TR-TEST-257622', 41, 21, 'export', '2026-01-25 13:37:32', 5, 'Automatikus teszt kiadás', NULL, 13, 'completed'),
(63, 'TR-TEST-662084', 41, 21, 'export', '2025-11-07 13:37:32', 5, 'Automatikus teszt kiadás', NULL, 9, 'completed'),
(64, 'TR-TEST-10913', 41, 21, 'export', '2025-12-26 13:37:32', 5, 'Automatikus teszt kiadás', NULL, 1, 'completed'),
(65, 'TR-TEST-996820', 41, 21, 'export', '2025-11-14 13:37:32', 5, 'Automatikus teszt kiadás', NULL, 3, 'completed'),
(66, 'TR-TEST-450999', 41, 21, 'export', '2025-11-30 13:37:32', 5, 'Automatikus teszt kiadás', NULL, 1, 'completed'),
(67, 'TR-TEST-165801', 41, 21, 'export', '2025-11-27 13:37:32', 5, 'Automatikus teszt kiadás', NULL, 1, 'completed'),
(68, 'TR-TEST-87097', 41, 21, 'export', '2026-01-06 13:37:32', 5, 'Automatikus teszt kiadás', NULL, 5, 'completed'),
(69, 'TR-TEST-491154', 41, 21, 'export', '2025-12-07 13:37:32', 5, 'Automatikus teszt kiadás', NULL, 9, 'completed'),
(70, 'TR-TEST-940728', 41, 21, 'export', '2026-01-31 13:37:32', 5, 'Automatikus teszt kiadás', NULL, 7, 'completed'),
(71, 'TR-TEST-997124', 41, 21, 'export', '2025-11-28 13:37:32', 5, 'Automatikus teszt kiadás', NULL, 8, 'completed'),
(72, 'TR-TEST-370297', 41, 21, 'export', '2025-12-30 13:37:32', 5, 'Automatikus teszt kiadás', NULL, 12, 'completed'),
(73, 'TR-TEST-701448', 41, 21, 'export', '2026-01-15 13:37:32', 5, 'Automatikus teszt kiadás', NULL, 15, 'completed'),
(74, 'TR-TEST-117837', 41, 21, 'export', '2025-11-24 13:37:32', 5, 'Automatikus teszt kiadás', NULL, 6, 'completed'),
(75, 'TR-TEST-487931', 41, 21, 'export', '2025-12-26 13:37:32', 5, 'Automatikus teszt kiadás', NULL, 10, 'completed'),
(76, 'TR-TEST-852860', 41, 21, 'export', '2025-12-27 13:37:32', 5, 'Automatikus teszt kiadás', NULL, 7, 'completed'),
(77, 'TR-TEST-54683', 41, 21, 'export', '2025-11-06 13:37:32', 5, 'Automatikus teszt kiadás', NULL, 7, 'completed'),
(78, 'TR-TEST-347433', 41, 21, 'export', '2025-12-20 13:37:32', 5, 'Automatikus teszt kiadás', NULL, 6, 'completed'),
(79, 'TR-TEST-318242', 41, 21, 'export', '2025-12-14 13:37:32', 5, 'Automatikus teszt kiadás', NULL, 12, 'completed'),
(80, 'TR-TEST-78718', 41, 21, 'export', '2026-01-19 13:37:32', 5, 'Automatikus teszt kiadás', NULL, 10, 'completed'),
(81, 'TR-TEST-704955', 41, 21, 'export', '2025-12-09 13:37:32', 5, 'Automatikus teszt kiadás', NULL, 13, 'completed'),
(82, 'TR-TEST-271063', 41, 21, 'export', '2025-11-03 13:37:32', 5, 'Automatikus teszt kiadás', NULL, 14, 'completed'),
(83, 'TR-TEST-651311', 41, 21, 'export', '2025-12-10 13:37:32', 5, 'Automatikus teszt kiadás', NULL, 14, 'completed'),
(84, 'TR-TEST-786199', 41, 21, 'export', '2026-01-13 13:37:32', 5, 'Automatikus teszt kiadás', NULL, 13, 'completed');

-- --------------------------------------------------------

--
-- Tábla szerkezet ehhez a táblához `users`
--

CREATE TABLE `users` (
  `ID` int(11) NOT NULL,
  `username` varchar(30) NOT NULL,
  `active` tinyint(1) NOT NULL DEFAULT 1,
  `password` varchar(255) NOT NULL,
  `role` enum('user','admin','owner') NOT NULL,
  `created_at` datetime NOT NULL,
  `login_at` datetime NOT NULL,
  `email` varchar(255) NOT NULL
) ENGINE=InnoDB DEFAULT CHARSET=utf8mb4 COLLATE=utf8mb4_general_ci;

--
-- A tábla adatainak kiíratása `users`
--

INSERT INTO `users` (`ID`, `username`, `active`, `password`, `role`, `created_at`, `login_at`, `email`) VALUES
(5, 'felhasznalo2', 1, '$2y$10$h81MTTmCBTchluodvvwAreuLAHE/78VQfdJLWsVOsgSSxHgtu1S8K', 'owner', '2026-01-21 15:02:35', '2026-02-05 13:21:13', 'felhasznalovagyok@yahoo.net'),
(11, '1', 1, '$2y$10$hCJHkQk24YF.tEEK8Gxepu2R0JsGetVFVLDQy.3bDfw7ZnQLtMDfi', 'user', '2026-01-21 15:08:42', '2026-02-05 13:21:07', '1@1.com'),
(12, 'Tőkés Roland', 1, '$2y$10$4Nxin6kAqqulirEqf3LRZewdDCqrVjYQGptlbElfb/h5kevzxTIBS', 'admin', '2026-01-22 13:40:39', '2026-02-05 12:56:03', 'tokesrolandcsete@gmail.com'),
(13, 'Minta Pista', 1, '$2y$10$hNQRg2hVog0wUawtNVOaMedt1f.YJ/uSNDpcq8oo9ovGeI/yGmBDm', 'admin', '2026-02-03 10:09:14', '2026-02-05 13:20:53', 'mintapista@hotmail.com'),
(14, 'rol', 1, '$2y$10$2q4aIDzSoxqK8I5tpV8oKu9scufXpWSoWg9QuNhOJIy4Rk5tyIupq', 'user', '2026-02-04 14:46:48', '2026-02-04 14:47:16', 'Kecskesajt@gmail.com');

-- --------------------------------------------------------

--
-- Tábla szerkezet ehhez a táblához `user_error`
--

CREATE TABLE `user_error` (
  `errID` int(11) NOT NULL,
  `user_ID` int(11) DEFAULT NULL,
  `username` varchar(30) DEFAULT NULL,
  `email` varchar(255) DEFAULT NULL,
  `status` enum('incomplete','complete') NOT NULL DEFAULT 'incomplete',
  `created_at` datetime NOT NULL DEFAULT current_timestamp(),
  `completed_at` datetime DEFAULT NULL
) ENGINE=InnoDB DEFAULT CHARSET=utf8mb4 COLLATE=utf8mb4_general_ci;

--
-- A tábla adatainak kiíratása `user_error`
--

INSERT INTO `user_error` (`errID`, `user_ID`, `username`, `email`, `status`, `created_at`, `completed_at`) VALUES
(1, 11, '1', '1@1.com', 'complete', '2026-02-04 13:39:25', '2026-02-04 13:39:49'),
(2, 11, '1', '1@1.com', 'complete', '2026-02-04 13:39:56', '2026-02-04 13:40:19'),
(3, 11, '1', '1@1.com', 'complete', '2026-02-04 13:40:37', '2026-02-04 13:40:50'),
(4, 11, '1', '1@1.com', 'complete', '2026-02-04 15:00:00', '2026-02-04 15:00:14');

-- --------------------------------------------------------

--
-- Tábla szerkezet ehhez a táblához `user_warehouse_access`
--

CREATE TABLE `user_warehouse_access` (
  `id` int(11) NOT NULL,
  `user_id` int(11) NOT NULL,
  `warehouse_id` int(11) NOT NULL
) ENGINE=InnoDB DEFAULT CHARSET=utf8mb4 COLLATE=utf8mb4_general_ci;

--
-- A tábla adatainak kiíratása `user_warehouse_access`
--

INSERT INTO `user_warehouse_access` (`id`, `user_id`, `warehouse_id`) VALUES
(17, 11, 22),
(16, 11, 23),
(13, 12, 22),
(12, 12, 23),
(19, 13, 24),
(18, 13, 31),
(20, 14, 31);

-- --------------------------------------------------------

--
-- Tábla szerkezet ehhez a táblához `warehouses`
--

CREATE TABLE `warehouses` (
  `ID` int(11) NOT NULL,
  `name` varchar(255) NOT NULL,
  `address` varchar(255) NOT NULL,
  `max_quantity` int(20) NOT NULL,
  `type` enum('warehouse','store') NOT NULL,
  `active` tinyint(1) NOT NULL DEFAULT 1
) ENGINE=InnoDB DEFAULT CHARSET=utf8mb4 COLLATE=utf8mb4_general_ci;

--
-- A tábla adatainak kiíratása `warehouses`
--

INSERT INTO `warehouses` (`ID`, `name`, `address`, `max_quantity`, `type`, `active`) VALUES
(21, 'Központi Raktár', 'Budapest, Fő utca 12.', 20000, 'warehouse', 1),
(22, 'Északi Logisztikai Központ', 'Győr, Ipari park 5.', 50000, 'warehouse', 1),
(23, 'Déli Regionális Raktár', 'Pécs, Logisztikai út 8.', 50000, 'warehouse', 1),
(24, 'Keleti Elosztó', 'Debrecen, Külső-Böszörményi út 44.', 94566, 'warehouse', 1),
(25, 'Nyugati Raktárbázis', 'Szombathely, Bevásárló köz 2.', 54000, 'warehouse', 1),
(26, 'Mini Depó 1', 'Székesfehérvár, Seregélyesi út 19.', 40000, 'warehouse', 1),
(27, 'Mini Depó 2', 'Kecskemét, Vágóhíd utca 7.', 5000, 'warehouse', 1),
(28, 'High-Tech Raktár', 'Budapest, Üllői út 215.', 5660, 'warehouse', 1),
(29, 'Készletközpont 1', 'Miskolc, Szentpéteri kapu 103.', 60000, 'warehouse', 1),
(30, 'Készletközpont 2', 'Szeged, Dorozsmai út 33.', 40000, 'warehouse', 1),
(31, 'Keleti CRUD Üzlet', '1214 Mars u. 16.', 6800, 'store', 1);

--
-- Indexek a kiírt táblákhoz
--

--
-- A tábla indexei `categories`
--
ALTER TABLE `categories`
  ADD PRIMARY KEY (`ID`);

--
-- A tábla indexei `inventory`
--
ALTER TABLE `inventory`
  ADD PRIMARY KEY (`ID`),
  ADD KEY `warehouse_ID` (`warehouse_ID`),
  ADD KEY `product_ID` (`product_ID`);

--
-- A tábla indexei `products`
--
ALTER TABLE `products`
  ADD PRIMARY KEY (`ID`),
  ADD UNIQUE KEY `item_number` (`item_number`),
  ADD KEY `category_ID` (`category_ID`);

--
-- A tábla indexei `transports`
--
ALTER TABLE `transports`
  ADD PRIMARY KEY (`ID`),
  ADD KEY `warehouse_ID` (`warehouse_ID`),
  ADD KEY `product_ID` (`product_ID`),
  ADD KEY `user_ID` (`user_ID`),
  ADD KEY `idx_transports_arrive` (`type`,`arriveIn`,`warehouse_ID`,`product_ID`);

--
-- A tábla indexei `users`
--
ALTER TABLE `users`
  ADD PRIMARY KEY (`ID`),
  ADD UNIQUE KEY `username` (`username`),
  ADD UNIQUE KEY `email` (`email`);

--
-- A tábla indexei `user_error`
--
ALTER TABLE `user_error`
  ADD PRIMARY KEY (`errID`),
  ADD KEY `fk_user_error_user` (`user_ID`);

--
-- A tábla indexei `user_warehouse_access`
--
ALTER TABLE `user_warehouse_access`
  ADD PRIMARY KEY (`id`),
  ADD UNIQUE KEY `unique_access` (`user_id`,`warehouse_id`),
  ADD KEY `warehouse_id` (`warehouse_id`);

--
-- A tábla indexei `warehouses`
--
ALTER TABLE `warehouses`
  ADD PRIMARY KEY (`ID`);

--
-- A kiírt táblák AUTO_INCREMENT értéke
--

--
-- AUTO_INCREMENT a táblához `categories`
--
ALTER TABLE `categories`
  MODIFY `ID` int(11) NOT NULL AUTO_INCREMENT, AUTO_INCREMENT=33;

--
-- AUTO_INCREMENT a táblához `inventory`
--
ALTER TABLE `inventory`
  MODIFY `ID` int(11) NOT NULL AUTO_INCREMENT, AUTO_INCREMENT=535;

--
-- AUTO_INCREMENT a táblához `products`
--
ALTER TABLE `products`
  MODIFY `ID` int(11) NOT NULL AUTO_INCREMENT, AUTO_INCREMENT=467;

--
-- AUTO_INCREMENT a táblához `transports`
--
ALTER TABLE `transports`
  MODIFY `ID` int(11) NOT NULL AUTO_INCREMENT, AUTO_INCREMENT=91;

--
-- AUTO_INCREMENT a táblához `users`
--
ALTER TABLE `users`
  MODIFY `ID` int(11) NOT NULL AUTO_INCREMENT, AUTO_INCREMENT=15;

--
-- AUTO_INCREMENT a táblához `user_error`
--
ALTER TABLE `user_error`
  MODIFY `errID` int(11) NOT NULL AUTO_INCREMENT, AUTO_INCREMENT=5;

--
-- AUTO_INCREMENT a táblához `user_warehouse_access`
--
ALTER TABLE `user_warehouse_access`
  MODIFY `id` int(11) NOT NULL AUTO_INCREMENT, AUTO_INCREMENT=21;

--
-- AUTO_INCREMENT a táblához `warehouses`
--
ALTER TABLE `warehouses`
  MODIFY `ID` int(11) NOT NULL AUTO_INCREMENT, AUTO_INCREMENT=32;

--
-- Megkötések a kiírt táblákhoz
--

--
-- Megkötések a táblához `inventory`
--
ALTER TABLE `inventory`
  ADD CONSTRAINT `inventory_ibfk_1` FOREIGN KEY (`product_ID`) REFERENCES `products` (`ID`),
  ADD CONSTRAINT `inventory_ibfk_2` FOREIGN KEY (`warehouse_ID`) REFERENCES `warehouses` (`ID`);

--
-- Megkötések a táblához `products`
--
ALTER TABLE `products`
  ADD CONSTRAINT `products_ibfk_1` FOREIGN KEY (`category_ID`) REFERENCES `categories` (`ID`);

--
-- Megkötések a táblához `transports`
--
ALTER TABLE `transports`
  ADD CONSTRAINT `fk_transports_warehouse` FOREIGN KEY (`warehouse_ID`) REFERENCES `warehouses` (`ID`) ON DELETE CASCADE ON UPDATE CASCADE,
  ADD CONSTRAINT `transports_ibfk_1` FOREIGN KEY (`product_ID`) REFERENCES `products` (`ID`),
  ADD CONSTRAINT `transports_ibfk_2` FOREIGN KEY (`user_ID`) REFERENCES `users` (`ID`);

--
-- Megkötések a táblához `user_error`
--
ALTER TABLE `user_error`
  ADD CONSTRAINT `fk_user_error_user` FOREIGN KEY (`user_ID`) REFERENCES `users` (`ID`) ON DELETE SET NULL ON UPDATE CASCADE;

--
-- Megkötések a táblához `user_warehouse_access`
--
ALTER TABLE `user_warehouse_access`
  ADD CONSTRAINT `user_warehouse_access_ibfk_1` FOREIGN KEY (`user_id`) REFERENCES `users` (`ID`) ON DELETE CASCADE,
  ADD CONSTRAINT `user_warehouse_access_ibfk_2` FOREIGN KEY (`warehouse_id`) REFERENCES `warehouses` (`ID`) ON DELETE CASCADE;
COMMIT;

/*!40101 SET CHARACTER_SET_CLIENT=@OLD_CHARACTER_SET_CLIENT */;
/*!40101 SET CHARACTER_SET_RESULTS=@OLD_CHARACTER_SET_RESULTS */;
/*!40101 SET COLLATION_CONNECTION=@OLD_COLLATION_CONNECTION */;
